Id,Label,initial_assets,initial_reserves,initial_customer_loans,initial_interbank_assets,initial_deposits,initial_interbank_liabilities,initial_equity,initial_equity_ratio,initial_reserve_ratio,interbank_assets,interbank_liabilities,total_assets,reserves,customer_loans,deposits,equity,equity_ratio,reserve_ratio,interbank_asset_ratio,interbank_liability_ratio,out_degree,in_degree,degree,weighted_out_degree,weighted_in_degree
B001,Bank 001,269.4871571320,32.1704250994,166.8675035604,70.4492284722,65.5339488911,151.5180667541,52.4351414869,0.1945738047,0.1193764684,5.9262972445,29.6142817522,204.9642259044,32.1704250994,166.8675035604,97.4100439472,77.9399002051,0.3802609936,0.1569562930,0.0289138127,0.1444851248,22,22,44,5.9262972445,29.6142817522
B002,Bank 002,146.9925630477,27.9812310126,18.6379264905,100.3734055446,102.2001798226,9.0754276182,35.7169556069,0.2429847801,0.1903581408,7.5060609573,0.9833882631,138.9005236926,78.8641196557,52.5303430796,102.2001798226,35.7169556069,0.2571405396,0.5677740988,0.0540391120,0.0070798024,14,16,30,7.5060609573,0.9833882631
B003,Bank 003,368.4366299573,83.2047692232,244.7110001536,40.5208605804,251.6781194554,70.4517164858,46.3067940161,0.1256845554,0.2258319680,7.0849381925,12.6889004142,335.0007075694,83.2047692232,244.7110001536,272.2246188844,50.0871882708,0.1495136790,0.2483719208,0.0211490246,0.0378772347,29,45,74,7.0849381925,12.6889004142
B004,Bank 004,221.8486528301,39.9713562199,91.7691508696,90.1081457406,23.6302950990,190.0475657737,8.1707919574,0.0368304781,0.1801739867,12.0862647955,18.6746871832,143.8267718849,39.9713562199,91.7691508696,92.9962138876,32.1558708141,0.2235736115,0.2779131847,0.0840334844,0.1298415235,27,19,46,12.0862647955,18.6746871832
B005,Bank 005,106.8163864783,25.7216855787,0.0000000000,81.0947008996,106.0235715105,0.3153312318,0.4774837361,0.0044701356,0.2408028059,3.8053566547,0.0389145913,106.5399698379,102.7346131831,0.0000000000,106.0235715105,0.4774837361,0.0044817334,0.9642823566,0.0357176434,0.0003652581,9,12,21,3.8053566547,0.0389145913
B006,Bank 006,1189.4297434867,232.5350524091,0.0000000000,956.8946910776,984.9005682079,135.3229770353,69.2061982436,0.0581843515,0.1955012927,331.3122445843,64.0785428874,1118.1853093389,786.8730647546,0.0000000000,984.9005682079,69.2061982436,0.0618915288,0.7037054218,0.2962945782,0.0573058350,84,69,153,331.3122445843,64.0785428874
B007,Bank 007,259.7590496952,56.2898794693,123.7479299780,79.7212402478,71.2533606532,179.7196685011,8.7860205409,0.0338237322,0.2167003596,2.3653550250,9.7659878763,182.4031644723,56.2898794693,123.7479299780,153.6865830624,18.9505935337,0.1038939954,0.3086014414,0.0129677302,0.0535406713,9,9,18,2.3653550250,9.7659878763
B008,Bank 008,279.5618026330,7.9747849570,40.3737336692,231.2132840068,194.2519129736,37.8579052459,47.4519844135,0.1697370097,0.0285260178,35.1234897199,4.4986957358,246.2025931229,34.8161744429,176.2629289600,194.2519129736,47.4519844135,0.1927355184,0.1414127041,0.1426609252,0.0182723329,23,20,43,35.1234897199,4.4986957358
B009,Bank 009,109.5704407369,20.0627175812,35.5215673138,53.9861558419,11.2950401946,94.8418690357,3.4335315066,0.0313362937,0.1831033757,2.2549625641,5.3751162241,57.8392474590,20.0627175812,35.5215673138,40.2336684844,12.2304627506,0.2114561183,0.3468703080,0.0389867203,0.0929319875,11,7,18,2.2549625641,5.3751162241
B010,Bank 010,149.0372320421,16.3974004076,131.4139222948,1.2259093397,129.9816810318,0.1164729126,18.9390780977,0.1270761530,0.1100221749,0.0365337818,0.0055886464,148.9263477759,16.5170424839,132.3727715102,129.9816810318,18.9390780977,0.1271707685,0.1109074568,0.0002453144,0.0000375262,5,8,13,0.0365337818,0.0055886464
B011,Bank 011,136.1883468711,18.8315731246,0.0000000000,117.3567737465,74.8955876316,37.6135079948,23.6792512447,0.1738713465,0.1382759506,2.4674514436,0.1499835399,98.7248224162,96.2573709726,0.0000000000,74.8955876316,23.6792512447,0.2398510391,0.9750067776,0.0249932224,0.0015192080,4,1,5,2.4674514436,0.1499835399
B012,Bank 012,571.2867682042,93.4200128969,0.0000000000,477.8667553073,317.2944293871,170.7569788707,83.2353599465,0.1456980357,0.1635256024,118.3162545108,28.8641178800,429.3939072135,311.0776527028,0.0000000000,317.2944293871,83.2353599465,0.1938438309,0.7244575377,0.2755424623,0.0672206042,47,33,80,118.3162545108,28.8641178800
B013,Bank 013,199.0323448514,48.2561441876,149.3998087899,1.3763918740,17.0872035241,171.8454167003,10.0997246270,0.0507441373,0.2424537792,0.0690355993,39.8213176020,197.7249885768,48.2561441876,149.3998087899,99.2437302278,58.6599407470,0.2966743919,0.2440568819,0.0003491496,0.2013974960,9,19,28,0.0690355993,39.8213176020
B014,Bank 014,316.9286308436,78.0102458267,107.2785394134,131.6398456034,227.0876208904,26.0664101298,63.7745998234,0.2012270070,0.2461445204,3.2552159139,1.4670110280,292.3292317418,121.7058820242,167.3681338037,227.0876208904,63.7745998234,0.2181601869,0.4163315495,0.0111354444,0.0050183521,4,14,18,3.2552159139,1.4670110280
B015,Bank 015,147.7900688000,10.6493180577,8.1067159556,129.0340347867,3.5180889866,117.7974025870,26.4745772264,0.1791363753,0.0720570614,2.7120573378,6.6310817955,36.6237480085,19.2544105844,14.6572800863,3.5180889866,26.4745772264,0.7228800619,0.5257356669,0.0740518785,0.1810596172,3,9,12,2.7120573378,6.6310817955
B016,Bank 016,118.7507693266,21.7834480792,84.7718784600,12.1954427873,23.3075908167,73.4734529133,21.9697255966,0.1850070170,0.1834383744,0.2066713900,5.5049184456,106.7619979293,21.7834480792,84.7718784600,52.1245242177,49.1325552659,0.4602064051,0.2040374712,0.0019358142,0.0515625274,4,4,8,0.2066713900,5.5049184456
B017,Bank 017,171.4575587776,32.1475866344,118.8002704214,20.5097017218,23.6974177134,141.9934438124,5.7666972519,0.0336333801,0.1874958845,0.6566764595,7.8670297978,151.6045335153,32.1475866344,118.8002704214,115.6052937850,28.1322099325,0.1855631179,0.2120489796,0.0043315094,0.0518917846,9,8,17,0.6566764595,7.8670297978
B018,Bank 018,104.4943748628,9.0516387343,46.9782882349,48.4644478936,78.5855488470,22.5843691300,3.3244568858,0.0318146971,0.0866232153,0.9216114734,2.5642824210,84.4742881539,13.4979409310,70.0547357495,78.5855488470,3.3244568858,0.0393546600,0.1597875664,0.0109099644,0.0303557742,4,9,13,0.9216114734,2.5642824210
B019,Bank 019,322.8698665385,9.9984544196,190.7594552762,122.1119568426,49.1498873656,198.8260920409,74.8938871319,0.2319630752,0.0309674437,7.3096672219,2.9332728112,208.0675769177,9.9984544196,190.7594552762,81.2804026845,123.8539014220,0.5952580563,0.0480538802,0.0351312171,0.0140976929,6,3,9,7.3096672219,2.9332728112
B020,Bank 020,194.6125614255,1.9921982059,51.1734608807,141.4469023389,159.5000110576,15.6518838504,19.4606665176,0.0999969703,0.0102367401,1.4215669801,1.2829705931,180.2436481682,6.7007356901,172.1213454981,159.5000110576,19.4606665176,0.1079686675,0.0371759879,0.0078869186,0.0071179795,4,4,8,1.4215669801,1.2829705931
B021,Bank 021,257.5696854473,50.0550062106,0.0000000000,207.5146792367,156.1991296002,81.8116864521,19.5588693950,0.0759362243,0.1943357819,20.2152597614,9.7442492408,185.5022482360,165.2869884746,0.0000000000,156.1991296002,19.5588693950,0.1054373711,0.8910241792,0.1089758208,0.0525290089,17,15,32,20.2152597614,9.7442492408
B022,Bank 022,133.8897971125,16.3914497695,63.2150867546,54.2832605884,4.2479330354,113.2192860225,16.4225780545,0.1226574273,0.1224249355,0.4665837328,0.0000000000,80.0731202568,16.3914497695,63.2150867546,16.4555801889,63.6175400678,0.7944930816,0.2047060202,0.0058269708,0.0000000000,1,0,1,0.4665837328,0.0000000000
B023,Bank 023,1052.1283710760,259.2286932902,50.8916080004,742.0080697854,4.7642401735,872.6548596709,174.7092712315,0.1660531890,0.2463850424,174.8737896474,204.4472390143,484.9940909380,259.2286932902,50.8916080004,7.4472972196,273.0995547041,0.5630987260,0.5344986632,0.3605689078,0.4215458350,43,37,80,174.8737896474,204.4472390143
B024,Bank 024,444.0229394047,51.6147201911,243.0482475979,149.3599716158,17.4564279028,320.4671453207,106.0993661812,0.2389501910,0.1162433640,13.3818575873,22.7791175336,308.0448253763,51.6147201911,243.0482475979,40.3034135227,244.9622943200,0.7952163911,0.1675558748,0.0434412673,0.0739474117,24,19,43,13.3818575873,22.7791175336
B025,Bank 025,273.0645159558,66.7586066339,161.5902778010,44.7156315209,153.4899937372,99.8251009302,19.7494212884,0.0723251105,0.2444792448,3.2258973477,9.1912086693,231.5747817826,66.7586066339,161.5902778010,197.0316814991,25.3518916142,0.1094760467,0.2882809869,0.0139302618,0.0396900241,12,11,23,3.2258973477,9.1912086693
B026,Bank 026,115.5241632920,11.8867433211,0.0000000000,103.6374199709,71.1764312432,17.6296156051,26.7181164437,0.2312772989,0.1028940005,3.0517764272,1.7347823317,99.6293300186,96.5775535914,0.0000000000,71.1764312432,26.7181164437,0.2681752094,0.9693686947,0.0306313053,0.0174123657,5,11,16,3.0517764272,1.7347823317
B027,Bank 027,152.0653785467,30.1728941677,60.4145464854,61.4779378936,36.0148027441,114.9572237000,1.0933521026,0.0071900134,0.1984205376,1.9001750778,7.3612203938,92.4876157309,30.1728941677,60.4145464854,82.6182371246,2.5081582125,0.0271188547,0.3262371284,0.0205451839,0.0795914170,4,3,7,1.9001750778,7.3612203938
B028,Bank 028,103.0311737333,2.1847572954,21.6443481702,79.2020682677,75.3295418906,13.3551268861,14.3465049566,0.1392443125,0.0212048181,0.9928989887,0.8564801177,90.5325269650,8.2093872860,81.3302406902,75.3295418906,14.3465049566,0.1584679610,0.0906788705,0.0109673177,0.0094604685,3,4,7,0.9928989887,0.8564801177
B029,Bank 029,111.8198354552,15.5279092573,82.1901587844,14.1017674134,5.3830164312,88.6731420135,17.7636770105,0.1588598028,0.1388654275,0.6253636636,9.0373668029,98.3434317054,15.5279092573,82.1901587844,20.7691010374,68.5369638651,0.6969145034,0.1578947266,0.0063589774,0.0918959878,8,9,17,0.6253636636,9.0373668029
B030,Bank 030,215.1155835889,43.1338897877,11.4332985772,160.5483952241,167.5842275532,41.6439751819,5.8873808539,0.0273684535,0.2005149467,10.2332612378,2.0020334990,175.4736419061,130.6180615457,34.6223191226,167.5842275532,5.8873808539,0.0335513687,0.7443742555,0.0583179395,0.0114093118,14,6,20,10.2332612378,2.0020334990
B031,Bank 031,248.5249270066,57.4528535872,94.3387491930,96.7333242265,222.2921845122,17.2996234265,8.9331190680,0.0359445597,0.2311754168,8.6517537189,1.9600290853,233.1853326654,84.9855631033,139.5480158432,222.2921845122,8.9331190680,0.0383090950,0.3644550115,0.0371024782,0.0084054561,13,14,27,8.6517537189,1.9600290853
B032,Bank 032,982.1198181362,201.9687888398,341.6746403600,438.4763889364,678.4085658960,200.2356331348,103.4756191054,0.1053594655,0.2056457727,93.3190269359,23.6495113239,805.5336963253,264.5946339906,447.6200353988,678.4085658960,103.4756191054,0.1284559784,0.3284712175,0.1158474529,0.0293588107,38,24,62,93.3190269359,23.6495113239
B033,Bank 033,130.0623883050,1.2021252693,50.3242358948,78.5360271408,68.8629055675,29.7774832418,31.4219994956,0.2415917461,0.0092426818,0.0000000000,0.2391220753,100.5240271385,2.3452553307,98.1787718078,68.8629055675,31.4219994956,0.3125819805,0.0233302962,0.0000000000,0.0023787554,0,1,1,0.0000000000,0.2391220753
B034,Bank 034,136.1395502869,12.6848822841,79.5661037375,43.8885642654,97.0366968330,18.7616175815,20.3412358724,0.1494145958,0.0931755853,1.0243273519,2.1760418755,119.5539745809,16.2983040845,102.2313431445,97.0366968330,20.3412358724,0.1701426987,0.1363259075,0.0085679071,0.0182013344,5,10,15,1.0243273519,2.1760418755
B035,Bank 035,152.6066771298,1.8579280103,108.8993643054,41.8493848142,4.6977045622,112.3023580807,35.6066144869,0.2333227822,0.0121746181,0.0000000000,4.4712042175,110.7572923156,1.8579280103,108.8993643054,12.3882663877,93.8978217104,0.8477800400,0.0167747692,0.0000000000,0.0403693890,0,2,2,0.0000000000,4.4712042175
B036,Bank 036,115.0326406750,3.1427576315,62.0735940626,49.8162889809,18.5393762675,73.3388194824,23.1544449252,0.2012858680,0.0273205728,1.6241342439,0.0781670253,66.8404859380,3.1427576315,62.0735940626,29.6862152570,37.0761036557,0.5546953038,0.0470187729,0.0242986600,0.0011694563,5,1,6,1.6241342439,0.0781670253
B037,Bank 037,109.7221671764,18.5239992710,64.6917322277,26.5064356777,12.0980084320,84.7451881442,12.8789706002,0.1173780188,0.1688264072,1.2981641771,6.8465970858,84.5138956758,18.5239992710,64.6917322277,37.6194267538,40.0478718362,0.4738613871,0.2191828826,0.0153603637,0.0810114956,10,8,18,1.2981641771,6.8465970858
B038,Bank 038,153.7975729154,27.4243448637,123.8228145876,2.5504134641,62.3553844669,61.2354071375,30.2067813110,0.1964060989,0.1783145491,0.0818779712,4.1410307596,151.3290374224,27.4243448637,123.8228145876,99.1546023933,48.0334042695,0.3174103602,0.1812232823,0.0005410592,0.0273644162,5,5,10,0.0818779712,4.1410307596
B039,Bank 039,118.7170380142,22.9634569266,26.8113190861,68.9422620015,87.9851492051,30.0859067609,0.6459820482,0.0054413592,0.1934301707,1.3943851662,2.5629629290,91.1940941823,41.4288504179,48.3708585982,87.9851492051,0.6459820482,0.0070835952,0.4542931293,0.0152903012,0.0281044837,4,5,9,1.3943851662,2.5629629290
B040,Bank 040,209.3281130600,45.2910965350,62.4256027289,101.6114137962,128.1632497731,75.2666553571,5.8982079299,0.0281768552,0.2163641370,1.5179184819,5.3766662769,139.4381239799,57.9906122637,79.9295932343,128.1632497731,5.8982079299,0.0422998228,0.4158877831,0.0108859646,0.0385595139,6,9,15,1.5179184819,5.3766662769
B041,Bank 041,146.6918120851,27.1171355059,0.0000000000,119.5746765792,98.9433043624,17.3058896690,30.4426180537,0.2075277251,0.1848578671,3.0735591502,0.8570890811,130.2430114972,127.1694523471,0.0000000000,98.9433043624,30.4426180537,0.2337370559,0.9764013507,0.0235986493,0.0065806915,5,5,10,3.0735591502,0.8570890811
B042,Bank 042,329.3302631780,65.9378130501,196.2184808968,67.1739692311,40.9233572489,222.7359962966,65.6709096325,0.1994074550,0.2002178980,3.6575336101,14.3800326717,265.8138275571,65.9378130501,196.2184808968,96.5297225974,154.9040722879,0.5827540039,0.2480601316,0.0137597568,0.0540981363,6,5,11,3.6575336101,14.3800326717
B043,Bank 043,223.2758713638,2.7331037440,113.4217177853,107.1210498345,154.3576820625,55.7610904000,13.1570989013,0.0589275447,0.0122409275,9.4057787267,0.7696891540,168.2844701177,3.7383893373,155.1403020537,154.3576820625,13.1570989013,0.0781836785,0.0222147019,0.0558921374,0.0045737385,6,3,9,9.4057787267,0.7696891540
B044,Bank 044,128.3597044899,7.5262156508,44.8395929936,75.9938958456,21.4791702011,89.7879470618,17.0925872271,0.1331616281,0.0586337876,1.6668668878,5.0993251743,54.0326755322,7.5262156508,44.8395929936,27.2491540684,21.6841962895,0.4013163530,0.1392900791,0.0308492384,0.0943748412,4,3,7,1.6668668878,5.0993251743
B045,Bank 045,328.7824025747,51.1172610215,0.0000000000,277.6651415532,75.4986499458,203.3423831819,49.9413694471,0.1518979394,0.1554744433,18.1098211778,1.3541820344,126.7942014273,108.6843802495,0.0000000000,75.4986499458,49.9413694471,0.3938773925,0.8571715349,0.1428284651,0.0106801574,5,2,7,18.1098211778,1.3541820344
B046,Bank 046,297.1396421535,63.7457614848,200.6064292914,32.7874513773,165.1525351715,67.4878964301,64.4992105519,0.2170669995,0.2145313262,1.9908376448,7.3023719919,266.3430284210,63.7457614848,200.6064292914,186.2873760746,72.7532803545,0.2731563157,0.2393370754,0.0074747128,0.0274171696,7,8,15,1.9908376448,7.3023719919
B047,Bank 047,138.6497373539,0.1559852852,54.6116647993,83.8820872694,115.3598561465,2.3296898787,20.9601913287,0.1511736822,0.0011250312,1.6132793909,0.0675459603,136.3875934355,0.3838545161,134.3904595286,115.3598561465,20.9601913287,0.1536810703,0.0028144387,0.0118286374,0.0004952500,3,3,6,1.6132793909,0.0675459603
B048,Bank 048,125.4527318014,16.1404142084,69.4913119643,39.8210056287,68.7616448655,43.6778348273,13.0132521086,0.1037303207,0.1286573355,0.8988560985,1.5983772224,86.5305822712,16.1404142084,69.4913119643,71.4165145700,13.5156904788,0.1561955337,0.1865284364,0.0103877274,0.0184718186,5,5,10,0.8988560985,1.5983772224
B049,Bank 049,214.8655290153,36.3814288400,0.0000000000,178.4841001753,10.6074644120,184.0237852178,20.2342793855,0.0941718268,0.1693218498,6.6222962887,23.3914064641,54.2331502616,47.6108539728,0.0000000000,10.6074644120,20.2342793855,0.3730979906,0.8778920963,0.1221079037,0.4313119624,8,10,18,6.6222962887,23.3914064641
B050,Bank 050,110.5565255474,0.8183197542,105.4872664292,4.2509393640,60.8432800912,37.8787620338,11.8344834224,0.1070446395,0.0074018223,0.1238978313,2.1073127732,106.4294840147,0.8183197542,105.4872664292,87.3348707736,16.9873004679,0.1596108506,0.0076888445,0.0011641307,0.0198000845,5,5,10,0.1238978313,2.1073127732
B051,Bank 051,116.0308448897,11.6424061110,9.0623422768,95.3260965019,4.1113674595,92.9680637661,18.9514136642,0.1633308254,0.1003388894,7.2308334749,5.1804359951,28.2432171187,11.8153912890,9.1969923548,4.1113674595,18.9514136642,0.6710076117,0.4183443848,0.2560201780,0.1834223054,6,4,10,7.2308334749,5.1804359951
B052,Bank 052,100.4938491025,22.5014491552,0.0000000000,77.9923999473,69.5700349438,9.1161296209,21.8076845377,0.2170051673,0.2239087203,1.1614778796,0.0000000000,91.3777194816,90.2162416020,0.0000000000,69.5700349438,21.8076845377,0.2386542875,0.9872892661,0.0127107339,0.0000000000,4,0,4,1.1614778796,0.0000000000
B053,Bank 053,280.3135916661,47.0655496648,193.7190211577,39.5290208436,176.2252893095,72.1268559150,31.9614464416,0.1140203236,0.1679032022,0.4821749841,0.3323410391,241.2667458067,47.0655496648,193.7190211577,203.9454388465,36.9889659211,0.1533114968,0.1950768205,0.0019985141,0.0013774838,3,1,4,0.4821749841,0.3323410391
B054,Bank 054,207.2563875414,12.3140534648,176.8245494187,18.1177846579,33.6316274914,160.6272868681,12.9974731818,0.0627120512,0.0594145908,0.6190564222,23.8426677463,189.7576593057,12.3140534648,176.8245494187,119.6675704829,46.2474210765,0.2437183366,0.0648935780,0.0032623528,0.1256479861,7,9,16,0.6190564222,23.8426677463
B055,Bank 055,225.7430283287,48.1273486762,0.0000000000,177.6156796525,19.4645265237,192.7499640265,13.5285377784,0.0599289284,0.2131952824,12.8498131107,17.3841607480,60.9771617869,48.1273486762,0.0000000000,25.7180453806,17.8749556582,0.2931418114,0.7892684288,0.2107315712,0.2850929797,6,6,12,12.8498131107,17.3841607480
B056,Bank 056,275.0083684142,23.9278884772,105.2712872593,145.8091926777,41.0469272483,182.6015504617,51.3598907043,0.1867575558,0.0870078559,3.7653742949,6.2842429010,132.9645500314,23.9278884772,105.2712872593,56.2711439024,70.4091632280,0.5295333471,0.1799569018,0.0283186330,0.0472625440,5,8,13,3.7653742949,6.2842429010
B057,Bank 057,150.5994613813,32.1283119617,78.3356255913,40.1355238282,117.4348269680,2.3933057797,30.7713286335,0.2043256221,0.2133361678,0.4588555249,0.1953447493,148.4015003508,43.0289518072,104.9136930187,117.4348269680,30.7713286335,0.2073518702,0.2899495740,0.0030919871,0.0013163260,3,7,10,0.4588555249,0.1953447493
B058,Bank 058,175.1894774408,13.0929455059,140.7874884023,21.3090435326,78.1487432238,92.2730854025,4.7676488145,0.0272142419,0.0747359128,0.3352555132,5.2624956193,154.2156894214,13.0929455059,140.7874884023,140.3884637120,8.5647300901,0.0555373459,0.0849002171,0.0021739391,0.0341242557,3,3,6,0.3352555132,5.2624956193
B059,Bank 059,110.5603396301,16.3165018570,25.5916928440,68.6521449291,85.1648697546,23.4525758481,1.9428940274,0.0175731554,0.1475800627,0.8162157131,1.0617238918,88.1694876738,34.0100506436,53.3432213171,85.1648697546,1.9428940274,0.0220359002,0.3857349242,0.0092573489,0.0120418517,3,3,6,0.8162157131,1.0617238918
B060,Bank 060,108.4469784528,10.7617377435,45.3074634065,52.3777773028,58.7321290524,33.5547332755,16.1601161250,0.1490139823,0.0992350169,0.4963919936,0.0000000000,74.8922451774,14.2792949560,60.1165582277,58.7321290524,16.1601161250,0.2157782303,0.1906645331,0.0066280827,0.0000000000,2,0,2,0.4963919936,0.0000000000
B061,Bank 061,208.7338602078,14.3413234315,140.4800061158,53.9125306605,115.0137213652,85.9140899080,7.8060489345,0.0373971378,0.0687062627,2.0010722386,3.1885904129,156.8224017858,14.3413234315,140.4800061158,143.8693162379,9.7644951350,0.0622646703,0.0914494566,0.0127601173,0.0203324932,6,1,7,2.0010722386,3.1885904129
B062,Bank 062,152.9028375860,33.8892917348,77.9034737566,41.1100720946,17.6119416590,103.7407128901,31.5501830369,0.2063413834,0.2216393905,0.4436210829,0.0000000000,112.2363865743,33.8892917348,77.9034737566,40.2077962373,72.0285903371,0.6417579230,0.3019456771,0.0039525603,0.0000000000,3,0,3,0.4436210829,0.0000000000
B063,Bank 063,174.2466164798,8.1718910877,128.2562624079,37.8184629842,151.9388616776,8.6688912258,13.6388635765,0.0782733338,0.0468984205,3.1197316116,0.8860443336,166.4637695876,9.7841219277,153.5599160483,151.9388616776,13.6388635765,0.0819329252,0.0587762848,0.0187412049,0.0053227458,7,11,18,3.1197316116,0.8860443336
B064,Bank 064,262.5951400133,5.5677779188,144.0940729857,112.9332891088,76.2171779459,176.7081294022,9.6698326653,0.0368241113,0.0212028978,8.9175547303,11.3719340062,158.5794056348,5.5677779188,144.0940729857,130.6337009548,16.5737706738,0.1045140169,0.0351103467,0.0562340027,0.0717112916,8,6,14,8.9175547303,11.3719340062
B065,Bank 065,195.6957552320,16.7284126182,3.7443177597,175.2230248541,87.0625636604,63.5602227886,45.0729687830,0.2303216476,0.0854817346,0.2143572659,5.0977691159,137.2333015594,111.9591473314,25.0597969621,87.0625636604,45.0729687830,0.3284404607,0.8158307500,0.0015619916,0.0371467352,1,4,5,0.2143572659,5.0977691159
B066,Bank 066,171.2000350298,30.7149618037,124.0452972606,16.4397759655,114.7439514874,49.2284633614,7.2276201810,0.0422173990,0.1794097869,1.4858467159,1.8953242604,156.2461057802,30.7149618037,124.0452972606,145.2044795725,9.1463019473,0.0585377914,0.1965806549,0.0095096560,0.0121303776,11,6,17,1.4858467159,1.8953242604
B067,Bank 067,172.6541332200,34.8516010161,114.5930754994,23.2094567045,104.0338430224,56.2072694068,12.4130207908,0.0718953005,0.2018579015,1.4824458869,3.0847352471,150.9271224024,34.8516010161,114.5930754994,132.0826615137,15.7597256416,0.1044194403,0.2309167528,0.0098222630,0.0204385746,5,7,12,1.4824458869,3.0847352471
B068,Bank 068,127.3228688399,31.7907177779,69.8253373642,25.7068136977,115.0586625829,7.2668173444,4.9973889127,0.0392497354,0.2496858425,1.6663700051,0.2950663677,120.3511178633,37.1306809581,81.5540669001,115.0586625829,4.9973889127,0.0415234108,0.3085196184,0.0138459038,0.0024517127,5,9,14,1.6663700051,0.2950663677
B069,Bank 069,102.1087729970,7.5652915011,2.6315435103,91.9119379857,14.7058981724,84.3644214268,3.0384533979,0.0297570259,0.0740905143,6.0919841257,4.2656479932,22.0099995634,11.8099809177,4.1080345200,14.7058981724,3.0384533979,0.1380487714,0.5365734281,0.2767825646,0.1938050013,4,2,6,6.0919841257,4.2656479932
B070,Bank 070,146.6163613407,14.9527411283,15.0152571008,116.6483631116,74.0658168112,71.6318675122,0.9186770173,0.0062658561,0.1019854878,3.0765233118,7.7664277898,82.7509216183,39.7540951291,39.9203031774,74.0658168112,0.9186770173,0.0111017134,0.4804066753,0.0371781154,0.0938530670,7,9,16,3.0765233118,7.7664277898
B071,Bank 071,117.4718347493,4.0181616407,83.3339375687,30.1197355399,46.7605243504,68.9734958767,1.7378145222,0.0147934569,0.0342053195,2.1290634483,1.0171384776,89.4811626577,4.0181616407,83.3339375687,85.2941410566,3.1698831236,0.0354251446,0.0449051121,0.0237934263,0.0113670682,7,1,8,2.1290634483,1.0171384776
B072,Bank 072,141.9201914451,20.3964835771,0.0000000000,121.5237078680,64.3004892035,71.3062794538,6.3134227878,0.0444857263,0.1437179824,0.1071592261,1.4646402291,72.0785522204,71.9713929943,0.0000000000,64.3004892035,6.3134227878,0.0875908657,0.9985132994,0.0014867006,0.0203200562,1,2,3,0.1071592261,1.4646402291
B073,Bank 073,359.6803864063,89.7024933185,262.5054013119,7.4724917759,42.2673576461,312.2724402693,5.1405884909,0.0142921012,0.2493950093,0.4019469793,8.0407540677,352.6098416097,89.7024933185,262.5054013119,307.2064082856,37.3626792565,0.1059603983,0.2543958867,0.0011399199,0.0228035441,5,2,7,0.4019469793,8.0407540677
B074,Bank 074,119.4422424132,20.9286998784,24.1183064575,74.3952360773,13.6429896961,88.0985322714,17.7007204457,0.1481948102,0.1752202525,1.7001290032,8.0670225736,46.7471353391,20.9286998784,24.1183064575,16.8363087049,21.8438040606,0.4672757786,0.4477001580,0.0363686243,0.1725672068,6,8,14,1.7001290032,8.0670225736
B075,Bank 075,104.0860344260,15.4883360495,59.3820530953,29.2156452812,24.0089264844,62.3306558652,17.7464520764,0.1704979172,0.1488032101,0.7455689626,4.6015381609,75.6159581074,15.4883360495,59.3820530953,40.8325836477,30.1818362988,0.3991463846,0.2048289334,0.0098599420,0.0608540614,2,3,5,0.7455689626,4.6015381609
B076,Bank 076,124.6432319217,12.2265379620,98.4031910674,14.0135028923,34.2188782073,78.0829307742,12.3414229402,0.0990139838,0.0980922732,0.2990982294,7.0448956750,110.9288272588,12.2265379620,98.4031910674,76.3481230781,27.5358085057,0.2482295106,0.1102196630,0.0026963075,0.0635082498,4,5,9,0.2990982294,7.0448956750
B077,Bank 077,126.0753883188,28.8491616577,20.9039547330,76.3222719281,49.6225197691,66.3441712548,10.1086972948,0.0801797831,0.2288246901,1.9960165753,3.4784915362,63.2097086002,35.4945343126,25.7191577123,49.6225197691,10.1086972948,0.1599231751,0.5615361168,0.0315776899,0.0550309693,3,4,7,1.9960165753,3.4784915362
B078,Bank 078,206.0554134787,25.5980886700,40.1608882229,140.2964365858,109.9552911302,70.0079367023,26.0921856462,0.1266270330,0.1242291490,11.8359619184,3.7765676585,139.8240444349,49.8220994268,78.1659830896,109.9552911302,26.0921856462,0.1866072874,0.3563199708,0.0846489741,0.0270094294,6,3,9,11.8359619184,3.7765676585
B079,Bank 079,172.0885057530,5.7807503337,98.9766009288,67.3311544905,85.3083832137,49.1140390677,37.6660834716,0.2188762306,0.0335917283,3.0663929899,4.6658775370,127.6403442223,6.8742756616,117.6996755708,85.3083832137,37.6660834716,0.2950954395,0.0538566055,0.0240236973,0.0365548806,2,9,11,3.0663929899,4.6658775370
B080,Bank 080,277.6905427498,25.3655359387,135.9697185893,116.3552882218,90.0059671470,128.5554354125,59.1291401903,0.2129317751,0.0913446158,4.7324163730,10.2343038648,166.0676709010,25.3655359387,135.9697185893,94.0484984676,61.7848685687,0.3720463365,0.1527421671,0.0284969154,0.0616273102,7,5,12,4.7324163730,10.2343038648
B081,Bank 081,207.0351653174,3.4764655972,81.2298973083,122.3288024119,83.6316749988,120.9552393571,2.4482509614,0.0118252904,0.0167916672,0.0000000000,2.8910607451,88.9709867054,3.6514916214,85.3194950840,83.6316749988,2.4482509614,0.0275174082,0.0410413749,0.0000000000,0.0324944215,0,1,1,0.0000000000,2.8910607451
B082,Bank 082,141.5786163118,7.1489781700,78.0494590971,56.3801790447,29.3882647461,105.6503958197,6.5399557460,0.0461931040,0.0504947594,1.7903408954,2.6195517029,86.9887781625,7.1489781700,78.0494590971,69.0116329074,15.3575935521,0.1765468360,0.0821827634,0.0205812857,0.0301136739,6,5,11,1.7903408954,2.6195517029
B083,Bank 083,306.9185256145,1.3557190535,285.7301517812,19.8326547799,169.7374844669,118.7814373122,18.3996038354,0.0599494729,0.0044171952,1.3342791339,10.2293304542,288.4201499686,1.3557190535,285.7301517812,250.9840581262,27.2067613882,0.0943303073,0.0047005005,0.0046261648,0.0354667677,4,6,10,1.3342791339,10.2293304542
B084,Bank 084,112.9519986936,12.7997181341,40.0211835215,60.1310970380,33.5508573681,72.2741518670,7.1269894585,0.0630975064,0.1133199791,0.2595382040,5.7642941555,53.0804398595,12.7997181341,40.0211835215,39.0260886347,8.2900570693,0.1561791329,0.2411381324,0.0048895262,0.1085954482,2,4,6,0.2595382040,5.7642941555
B085,Bank 085,101.5433867524,16.1083418835,3.8695254670,81.5655194019,3.1371559545,83.8614677888,14.5447630090,0.1432369303,0.1586350662,5.2187038274,0.0000000000,25.1965711779,16.1083418835,3.8695254670,4.4704182542,20.7261529237,0.8225783095,0.6393069029,0.2071196033,0.0000000000,5,0,5,5.2187038274,0.0000000000
B086,Bank 086,106.4929766539,9.1395590454,31.0302288835,66.3231887251,39.8938402526,55.4547162539,11.1444201475,0.1046493440,0.0858231156,1.0455431107,0.4447346565,51.4829950566,11.4756909092,38.9617610367,39.8938402526,11.1444201475,0.2164679839,0.2229025506,0.0203085137,0.0086384768,3,2,5,1.0455431107,0.4447346565
B087,Bank 087,234.9693951644,24.6942126472,67.9088666828,142.3663158344,109.9289391178,121.9237571700,3.1166988766,0.0132642759,0.1050954429,0.0000000000,2.7949399280,115.8405779224,30.8908935328,84.9496843897,109.9289391178,3.1166988766,0.0269050702,0.2666672947,0.0000000000,0.0241274688,0,2,2,0.0000000000,2.7949399280
B088,Bank 088,151.1514858559,36.2464767093,0.0000000000,114.9050091466,30.8923994389,106.0463242221,14.2127621949,0.0940299205,0.2398023182,2.1301072877,5.6430116793,50.7481733131,48.6180660255,0.0000000000,30.8923994389,14.2127621949,0.2800645081,0.9580259318,0.0419740682,0.1111963507,4,6,10,2.1301072877,5.6430116793
B089,Bank 089,112.4395665086,21.1376018551,0.0000000000,91.3019646535,55.9081760089,41.7552028598,14.7761876398,0.1314144842,0.1879907804,7.1926372468,1.3727859326,72.0571495813,64.8645123345,0.0000000000,55.9081760089,14.7761876398,0.2050620615,0.9001814908,0.0998185092,0.0190513494,6,3,9,7.1926372468,1.3727859326
B090,Bank 090,158.9616212454,21.4938619675,87.3252350622,50.1425242156,87.5692349590,67.2091039655,4.1832823209,0.0263163038,0.1352141592,1.6287021588,7.5293312630,110.4477991885,21.4938619675,87.3252350622,98.2260952241,4.6923727014,0.0424849815,0.1946065211,0.0147463523,0.0681709488,6,6,12,1.6287021588,7.5293312630
B091,Bank 091,111.6458740982,7.9419536796,29.9593369259,73.7445834926,62.0318809582,26.3323472841,23.2816458559,0.2085311799,0.0711352188,2.3816002212,2.4869134944,87.8004403085,17.8989279917,67.5199120956,62.0318809582,23.2816458559,0.2651654795,0.2038592054,0.0271251512,0.0283246130,6,4,10,2.3816002212,2.4869134944
B092,Bank 092,221.3381269395,49.6348978278,161.7205236431,9.9827054686,141.4167029406,76.8363014652,3.0851225337,0.0139385047,0.2242491997,0.4154058810,3.9609453777,211.7708273520,49.6348978278,161.7205236431,203.3731286842,4.4367532901,0.0209507294,0.2343802423,0.0019615822,0.0187039236,7,2,9,0.4154058810,3.9609453777
B093,Bank 093,148.2774722884,8.7149015583,27.4050081011,112.1575626290,74.3662929875,39.6167313921,34.2944479088,0.2312856254,0.0587742792,0.0970489690,0.0802939854,108.7410348817,26.2132893205,82.4306965922,74.3662929875,34.2944479088,0.3153772442,0.2410616135,0.0008924779,0.0007383964,1,1,2,0.0970489690,0.0802939854
B094,Bank 094,137.6837953355,11.1986054806,2.4216958339,124.0634940210,42.4195559420,91.7286334965,3.5356058969,0.0256791723,0.0813356826,0.0000000000,1.0986980081,47.0538598471,38.6876619392,8.3661979079,42.4195559420,3.5356058969,0.0751395509,0.8221995404,0.0000000000,0.0233497956,0,2,2,0.0000000000,1.0986980081
B095,Bank 095,127.0264235767,28.8688130439,66.8461767428,31.3114337901,78.9144699520,21.3030062302,26.8089473946,0.2110501629,0.2272662036,0.8543058493,0.0000000000,105.7234173465,31.6298082530,73.2393032442,78.9144699520,26.8089473946,0.2535762470,0.2991750460,0.0080805735,0.0000000000,5,0,5,0.8543058493,0.0000000000
B096,Bank 096,194.1273537313,25.6996494705,145.3335478302,23.0941564306,82.5369716916,67.7640678102,43.8263142295,0.2257606328,0.1323855138,0.4299242820,8.0362212600,171.4631215827,25.6996494705,145.3335478302,106.7458902105,56.6810101122,0.3305726012,0.1498844138,0.0025073863,0.0468685113,3,7,10,0.4299242820,8.0362212600
B097,Bank 097,134.9070113001,25.0359739976,12.4834677806,97.3875695219,43.9470689233,57.9194480996,33.0404942772,0.2449130995,0.1855794874,0.0090726377,8.4321682902,85.4197314907,56.9928264606,28.4178323924,43.9470689233,33.0404942772,0.3868016640,0.6672091502,0.0001062124,0.0987145258,1,6,7,0.0090726377,8.4321682902
B098,Bank 098,106.3062969113,15.6999728718,5.7832648640,84.8230591755,53.1923748306,31.7777758454,21.3361462353,0.2007044442,0.1476861985,2.0249022605,3.5956105261,78.1241315920,55.6133973270,20.4858320045,53.1923748306,21.3361462353,0.2731057076,0.7118593985,0.0259190370,0.0460243263,4,4,8,2.0249022605,3.5956105261
B099,Bank 099,108.7317089744,17.7623904766,2.4362788375,88.5330396603,31.5644593863,55.9547905255,21.2124590627,0.1950899077,0.1633598023,2.0254397034,1.5577910899,54.3347095388,45.9999449427,6.3093248928,31.5644593863,21.2124590627,0.3904034685,0.8466033100,0.0372770872,0.0286702755,5,5,10,2.0254397034,1.5577910899
B100,Bank 100,883.1455179485,66.0997530125,394.9130712533,422.1326936827,379.9286139558,361.0496083122,142.1672956805,0.1609783357,0.0748458229,80.9114680254,18.5840822276,541.9242922912,66.0997530125,394.9130712533,380.8340899957,142.5061200679,0.2629631520,0.1219723012,0.1493040064,0.0342927647,18,8,26,80.9114680254,18.5840822276
B101,Bank 101,492.7667279483,29.7350302565,201.0851053672,261.9465923246,292.2452187354,104.4467347874,96.0747744255,0.1949700923,0.0603430154,18.8318153558,12.9742402287,401.2942333896,49.2701017676,333.1923162661,292.2452187354,96.0747744255,0.2394122976,0.1227779960,0.0469276999,0.0323309910,6,11,17,18.8318153558,12.9742402287
B102,Bank 102,222.9992093442,17.9788846095,39.8759945504,165.1443301843,190.8469346556,24.4580214925,7.6942531962,0.0345034999,0.0806230868,0.0000000000,0.2143572659,198.7555451176,61.7649377730,136.9906073447,190.8469346556,7.6942531962,0.0387121436,0.3107583124,0.0000000000,0.0010784970,0,1,1,0.0000000000,0.2143572659
B103,Bank 103,122.8809811367,4.7752029760,0.7757139607,117.3300642000,97.9598037720,8.3960273964,16.5251499682,0.1344809410,0.0388603910,1.1153144607,0.0000000000,114.4849537402,97.5267771167,15.8428621628,97.9598037720,16.5251499682,0.1443434218,0.8518741890,0.0097420178,0.0000000000,1,0,1,1.1153144607,0.0000000000
B104,Bank 104,1017.2106076693,222.3404617029,267.4376371779,527.4325087885,446.1926988643,439.7555315896,131.2623772154,0.1290414947,0.2185785913,15.0103539473,49.0790121819,626.5340882616,277.6083082122,333.9154261021,446.1926988643,131.2623772154,0.2095055635,0.4430857210,0.0239577610,0.0783341451,7,12,19,15.0103539473,49.0790121819
B105,Bank 105,273.3667335031,19.3575722293,242.8919779877,11.1171832861,111.7134073529,103.0064671670,58.6468589832,0.2145354639,0.0708117333,0.0789566606,0.0000000000,262.3285068776,19.3575722293,242.8919779877,172.0213989997,90.3071078779,0.3442519799,0.0737913407,0.0003009839,0.0000000000,1,0,1,0.0789566606,0.0000000000
B106,Bank 106,231.9334493515,32.5570430052,118.7839859934,80.5924203528,163.9527905514,41.0214006990,26.9592581011,0.1162370420,0.1403723486,2.3427180977,1.2089499922,192.1209986447,40.8258070009,148.9524735461,163.9527905514,26.9592581011,0.1403243700,0.2125004934,0.0121939721,0.0062926489,5,3,8,2.3427180977,1.2089499922
B107,Bank 107,148.8523237334,29.4718083799,44.2854939994,75.0950213541,42.2717405387,92.1586857524,14.4218974424,0.0968872845,0.1979936063,0.2650610007,0.9981319702,74.0223633800,29.4718083799,44.2854939994,54.4481086965,18.5761227133,0.2509528454,0.3981473576,0.0035808233,0.0134841948,2,2,4,0.2650610007,0.9981319702
B108,Bank 108,123.5971624251,24.2196089398,0.0000000000,99.3775534853,86.9123860713,16.8781760178,19.8066003360,0.1602512545,0.1959560273,0.4621125897,1.5603245148,108.2793109221,107.8171983324,0.0000000000,86.9123860713,19.8066003360,0.1829213741,0.9957322171,0.0042677829,0.0144101814,1,3,4,0.4621125897,1.5603245148
B109,Bank 109,106.9907641361,11.7258201982,15.2825314234,79.9824125145,49.3079261731,50.4770778244,7.2057601386,0.0673493661,0.1095965646,3.4911035021,2.4159284259,58.9296147375,24.0689259348,31.3695853006,49.3079261731,7.2057601386,0.1222774011,0.4084351483,0.0592419197,0.0409968475,1,1,2,3.4911035021,2.4159284259
B110,Bank 110,472.3904973908,56.2448567223,83.0035559350,333.1420847334,52.7701676382,402.7076472318,16.9126825207,0.0358023343,0.1190643271,28.2211539548,28.8998300239,167.4695666122,56.2448567223,83.0035559350,104.9375594234,33.6321771649,0.2008256058,0.3358512108,0.1685151190,0.1725676528,6,2,8,28.2211539548,28.8998300239
B111,Bank 111,150.0197235538,37.3062203484,77.4293971867,35.2841060187,9.5131506474,122.5054900640,18.0010828424,0.1199914412,0.2486754372,0.1243358623,5.1736349036,114.8599533974,37.3062203484,77.4293971867,37.9244608859,71.7618576080,0.6247770044,0.3247974533,0.0010824997,0.0450429828,1,7,8,0.1243358623,5.1736349036
B112,Bank 112,116.2688217684,19.6086634541,82.3254679755,14.3346903388,87.6373606310,16.4458546277,12.1856065096,0.1048054528,0.1686493692,0.1848608288,0.9183421770,102.1189922583,19.6086634541,82.3254679755,88.8468668215,12.3537832599,0.1209743945,0.1920177924,0.0018102492,0.0089928637,2,3,5,0.1848608288,0.9183421770
B113,Bank 113,127.5681500665,25.9804797904,89.0403034916,12.5473667845,6.6711018613,113.3820193036,7.5150289016,0.0589099152,0.2036596108,0.1116657390,3.8809675417,115.1324490210,25.9804797904,89.0403034916,52.3165884747,58.9348930046,0.5118877737,0.2256573191,0.0009698894,0.0337087205,2,4,6,0.1116657390,3.8809675417
B114,Bank 114,178.0859444653,40.1830440098,135.1547864814,2.7481139741,45.3499327597,116.2612024974,16.4748092083,0.0925104407,0.2256384923,0.1583723721,4.0136092190,175.4962028633,40.1830440098,135.1547864814,125.7866000518,45.6959935926,0.2603816655,0.2289681677,0.0009024262,0.0228700630,8,3,11,0.1583723721,4.0136092190
B115,Bank 115,113.8466318137,22.4161125264,89.4230255511,2.0074937363,34.5311238349,68.8152373097,10.5002706692,0.0922317200,0.1968974591,0.0544199722,6.8815395239,111.8935580497,22.4161125264,89.4230255511,80.5256656118,24.4863529140,0.2188361273,0.2003342544,0.0004863548,0.0615007659,3,7,10,0.0544199722,6.8815395239
B116,Bank 116,365.0307134892,16.8990371030,330.9749162860,17.1567601003,57.9356223842,276.9631214456,30.1319696595,0.0825463955,0.0462948362,1.0182769834,6.8369856688,348.8922303723,16.8990371030,330.9749162860,225.0224291570,117.0328155465,0.3354411631,0.0484362667,0.0029186003,0.0195962681,6,3,9,1.0182769834,6.8369856688
B117,Bank 117,257.8766332022,36.2426740253,0.0000000000,221.6339591769,73.2165330412,160.0363486218,24.6237515392,0.0954865559,0.1405426834,12.4366262363,17.5947655773,115.4350501578,102.9984239215,0.0000000000,73.2165330412,24.6237515392,0.2133126074,0.8922629979,0.1077370021,0.1524213448,4,6,10,12.4366262363,17.5947655773
B118,Bank 118,233.3493106507,5.9442328422,26.2097937787,201.1952840298,143.5413397126,49.7302051280,40.0777658101,0.1717500930,0.0254735393,9.4189784685,4.7690049059,188.3881104286,33.0855666842,145.8835652758,143.5413397126,40.0777658101,0.2127404204,0.1756244946,0.0499977331,0.0253147871,3,4,7,9.4189784685,4.7690049059
B119,Bank 119,145.8193660259,23.8021726400,20.5949432269,101.4222501590,1.9806312018,132.9136209699,10.9251138542,0.0749222422,0.1632305316,0.0000000000,8.6777423439,44.3971158668,23.8021726400,20.5949432269,5.4818149127,30.2375586102,0.6810703358,0.5361197946,0.0000000000,0.1954573439,0,4,4,0.0000000000,8.6777423439
B120,Bank 120,193.0933302224,46.1179006537,60.6430644977,86.3323650709,121.8252092653,25.4537115195,45.8144094376,0.2372656238,0.2388373570,4.0110625345,2.7823285205,170.4219472234,71.8850811895,94.5258034994,121.8252092653,45.8144094376,0.2688292804,0.4218064772,0.0235360680,0.0163261162,3,6,9,4.0110625345,2.7823285205
B121,Bank 121,179.4758308440,23.0057533102,0.0000000000,156.4700775338,118.4993391503,19.8458976477,41.1305940459,0.2291706569,0.1281830161,3.0653169762,1.7440198037,161.3739530000,158.3086360238,0.0000000000,118.4993391503,41.1305940459,0.2548775269,0.9810048839,0.0189951161,0.0108073191,4,4,8,3.0653169762,1.7440198037
B122,Bank 122,201.2925814608,21.7885376977,148.4641153300,31.0399284331,65.8855212928,111.1016458971,24.3054142709,0.1207466966,0.1082431232,0.9994468435,13.0504511375,171.2520998712,21.7885376977,148.4641153300,115.5681336606,42.6335150731,0.2489517799,0.1272307768,0.0058361144,0.0762060795,6,7,13,0.9994468435,13.0504511375
B123,Bank 123,106.0580145864,0.9503527632,64.4615830737,40.6460787496,14.9435315688,82.3369159730,8.7775670446,0.0827619400,0.0089606879,0.0367170117,6.9966287703,65.4486528486,0.9503527632,64.4615830737,36.8229010514,21.6291230268,0.3304746864,0.0145205856,0.0005610049,0.1069025635,1,2,3,0.0367170117,6.9966287703
B124,Bank 124,143.0965951055,34.3351165536,43.2753827223,65.4860958296,74.4293420095,49.4460515647,19.2212015312,0.1343232627,0.2399436306,2.9600593067,6.2877211396,99.9382646803,42.9034475455,54.0747578282,74.4293420095,19.2212015312,0.1923307513,0.4292995049,0.0296188784,0.0629160528,5,6,11,2.9600593067,6.2877211396
B125,Bank 125,102.8741860085,2.6490793216,14.3571885078,85.8679181791,9.6976493371,71.3372150646,21.8393216068,0.2122915617,0.0257506710,2.2464080658,2.7317978453,34.2687687892,4.9881475744,27.0342131491,9.6976493371,21.8393216068,0.6372951926,0.1455595795,0.0655526342,0.0797168367,5,5,10,2.2464080658,2.7317978453
B126,Bank 126,157.4808447189,1.6172925785,38.2655934597,117.5979586806,48.0721529930,83.6614794757,25.7472122501,0.1634942478,0.0102697733,3.2199949898,12.2052091619,86.0245744051,3.3578119604,79.4467674550,48.0721529930,25.7472122501,0.2993006641,0.0390331714,0.0374311063,0.1418804946,3,9,12,3.2199949898,12.2052091619
B127,Bank 127,130.5840587176,8.0330942113,12.9011006721,109.6498638342,99.9625610604,4.3357669250,26.2857307322,0.2012935652,0.0615166529,1.4983401015,0.3270242973,126.5753160899,47.9958812543,77.0810947341,99.9625610604,26.2857307322,0.2076686952,0.3791883184,0.0118375379,0.0025836341,2,4,6,1.4983401015,0.3270242973
B128,Bank 128,110.9672552132,1.8179330962,92.7187510493,16.4305710676,95.7006897637,0.4360307315,14.8305347179,0.1336478467,0.0163826085,0.1571964978,0.0016225121,110.5328469937,2.1225151894,108.2531353065,95.7006897637,14.8305347179,0.1341730999,0.0192025741,0.0014221700,0.0000146790,2,1,3,0.1571964978,0.0016225121
B129,Bank 129,107.5478671363,12.2367383118,50.5957219594,44.7154068651,69.8686618055,20.6224911296,17.0567142012,0.1585964897,0.1137794606,1.6955646009,1.9217257224,88.8471017291,16.9729236879,70.1786134403,69.8686618055,17.0567142012,0.1919782848,0.1910351982,0.0190840733,0.0216295826,4,6,10,1.6955646009,1.9217257224
B130,Bank 130,180.5034566041,23.2889080095,109.4044947092,47.8100538854,52.0461550362,115.3255400957,13.1317614722,0.0727507479,0.1290219503,1.2980425257,10.2062323109,133.9914452444,23.2889080095,109.4044947092,98.8455097778,24.9397031556,0.1861290705,0.1738089172,0.0096875030,0.0761707756,4,3,7,1.2980425257,10.2062323109
B131,Bank 131,113.2804219687,8.8520139302,24.6827136969,79.7456943416,63.5664771748,28.8716614973,20.8422832965,0.1839883974,0.0781424873,4.9700743569,0.2156908456,84.6244513170,21.0260140560,58.6283629041,63.5664771748,20.8422832965,0.2462915029,0.2484626338,0.0587309493,0.0025488005,4,1,5,4.9700743569,0.2156908456
B132,Bank 132,562.8896119511,7.1712815654,201.8029712611,353.9153591246,376.6572261254,157.3005669361,28.9318188895,0.0513987437,0.0127401206,27.1960347529,8.4988002674,414.0878452824,13.2768035828,373.6150069467,376.6572261254,28.9318188895,0.0698687953,0.0320627706,0.0656769694,0.0205241481,5,7,12,27.1960347529,8.4988002674
B133,Bank 133,178.6074494618,4.9831642830,67.3269483152,106.2973368636,57.2178616535,90.3110460607,31.0785417476,0.1740047341,0.0279000921,0.9078760510,0.9853601780,89.2817635791,6.0901799770,82.2837075511,57.2178616535,31.0785417476,0.3480950701,0.0682130340,0.0101686617,0.0110365223,1,2,3,0.9078760510,0.9853601780
B134,Bank 134,132.8414146030,12.7695263733,88.1919375926,31.8799506371,66.8050313168,37.4330963572,28.6032869290,0.2153190480,0.0961260945,0.5411081542,3.1174297809,101.5025721201,12.7695263733,88.1919375926,68.8894075058,29.4957348334,0.2905910089,0.1258049536,0.0053309797,0.0307128156,3,5,8,0.5411081542,3.1174297809
B135,Bank 135,181.4643472719,2.7459389552,137.4085918167,41.3098165000,1.8807049148,173.4331611791,6.1504811781,0.0338936065,0.0151321127,0.2062617686,0.0865976509,140.3607925405,2.7459389552,137.4085918167,32.8487429746,107.4254519150,0.7653522752,0.0195634330,0.0014695113,0.0006169647,1,1,2,0.2062617686,0.0865976509
B136,Bank 136,101.5497459830,17.7252473209,3.2766138640,80.5478847981,17.9607831035,67.9522765928,15.6366862867,0.1539805554,0.1745474314,1.3720202232,2.5219609253,36.1194303154,29.3262788580,5.4211312342,17.9607831035,15.6366862867,0.4329161936,0.8119252879,0.0379856551,0.0698228323,5,1,6,1.3720202232,2.5219609253
B137,Bank 137,835.0542140834,43.2183439005,743.0176461419,48.8182240410,427.6560909183,386.7899527311,20.6081704340,0.0246788413,0.0517551354,1.6214528705,42.3081091515,787.8574429129,43.2183439005,743.0176461419,711.2739987375,34.2753350239,0.0435044884,0.0548555380,0.0020580536,0.0537002088,6,8,14,1.6214528705,42.3081091515
B138,Bank 138,155.1016717465,11.7129513264,7.0008932163,136.3878272038,20.7831850254,106.1360179671,28.1824687539,0.1817031914,0.0755178922,0.7793710336,5.0798705842,54.0455243635,33.3391602070,19.9269931230,20.7831850254,28.1824687539,0.5214579576,0.6168718058,0.0144206397,0.0939924377,1,1,2,0.7793710336,5.0798705842
B139,Bank 139,276.6987026655,27.2635228081,220.6922948285,28.7428850290,44.8944966840,225.7060954348,6.0981105468,0.0220388115,0.0985314443,1.4175926550,15.4185570835,249.3734102915,27.2635228081,220.6922948285,205.9766297891,27.9782234189,0.1121940923,0.1093281067,0.0056846183,0.0618291945,3,4,7,1.4175926550,15.4185570835
B140,Bank 140,105.9258294530,11.0324302352,0.0000000000,94.8933992177,67.8527067198,13.2812865964,24.7918361368,0.2340490159,0.1041524083,0.3883086479,0.6356674991,93.2802103556,92.8919017077,0.0000000000,67.8527067198,24.7918361368,0.2657780899,0.9958371808,0.0041628192,0.0068146019,1,1,2,0.3883086479,0.6356674991
B141,Bank 141,155.9776313967,0.0647583124,41.1975348411,114.7153382432,148.8496259647,1.6353194985,5.4926859335,0.0352145746,0.0004151769,2.5537063673,0.1636474889,154.5059593871,0.2384785410,151.7137744788,148.8496259647,5.4926859335,0.0355499940,0.0015434909,0.0165282063,0.0010591662,4,6,10,2.5537063673,0.1636474889
B142,Bank 142,156.8031773817,4.3932475657,128.3372764751,24.0726533408,66.2759270482,52.9319353036,37.5953150299,0.2397611812,0.0280175927,1.0576532944,0.2868771853,133.7881773353,4.3932475657,128.3372764751,85.1816369244,48.3196632256,0.3611654198,0.0328373377,0.0079054317,0.0021442641,6,3,9,1.0576532944,0.2868771853
B143,Bank 143,637.1811403342,137.4343271411,0.0000000000,499.7468131931,427.4868923436,81.9903019945,127.7039459961,0.2004201598,0.2156911409,5.6411875736,4.2135381694,559.4043765091,553.7631889355,0.0000000000,427.4868923436,127.7039459961,0.2282855683,0.9899157250,0.0100842750,0.0075321866,2,2,4,5.6411875736,4.2135381694
B144,Bank 144,176.0030718082,0.0542556975,72.7349706145,103.2138454963,148.3591917737,1.4499027033,26.1939773312,0.1488268191,0.0003082656,0.6986106727,0.0108317542,174.5640008591,0.1295959373,173.7357942491,148.3591917737,26.1939773312,0.1500537178,0.0007423978,0.0040020317,0.0000620503,1,1,2,0.6986106727,0.0108317542
B145,Bank 145,153.3658224270,19.4838761137,49.5091653987,84.3727809146,17.4623889989,105.8631480307,30.0402853974,0.1958734021,0.1270418390,0.2973169410,5.0668105128,69.2903584534,19.4838761137,49.5091653987,23.6091249868,40.6144229538,0.5861482587,0.2811917350,0.0042908847,0.0731243224,1,1,2,0.2973169410,5.0668105128
B146,Bank 146,123.0045200694,15.0527398459,15.1152224236,92.8365578000,44.1650299769,54.3636084993,24.4758815932,0.1989835949,0.1223755016,1.9719459664,6.7620079634,75.4029195335,36.6394432565,36.7915303107,44.1650299769,24.4758815932,0.3246012455,0.4859154458,0.0261521169,0.0896783308,2,6,8,1.9719459664,6.7620079634
B147,Bank 147,130.8063849742,10.8927107645,82.0118964676,37.9017777422,39.2033830983,60.6593468274,30.9436550485,0.2365607386,0.0832735403,1.6543515612,2.9032710809,94.5589587932,10.8927107645,82.0118964676,51.2240164867,40.4316712257,0.4275816035,0.1151949102,0.0174954503,0.0307032894,1,1,2,1.6543515612,2.9032710809
B148,Bank 148,163.2719991367,17.6059062152,121.3932039270,24.2728889945,12.2321305795,140.5753652825,10.4645032747,0.0640924551,0.1078317550,0.8099511973,6.9587409298,139.8090613395,17.6059062152,121.3932039270,71.5983910750,61.2519293347,0.4381112980,0.1259282199,0.0057932668,0.0497731754,3,2,5,0.8099511973,6.9587409298
B149,Bank 149,146.9983300853,28.6860309281,99.8750541648,18.4372449924,94.6073921254,30.6456369908,21.7453009692,0.1479288979,0.1951452844,0.0000000000,0.0837272751,128.5610850929,28.6860309281,99.8750541648,104.4660630281,24.0112947897,0.1867695405,0.2231315247,0.0000000000,0.0006512645,0,2,2,0.0000000000,0.0837272751
B150,Bank 150,101.4672629038,21.3386594035,13.0914299670,67.0371735332,42.9286571156,56.0356874277,2.5029183605,0.0246672502,0.2103009266,3.1424536634,0.3002377093,45.7318131854,26.3955119975,16.1938475245,42.9286571156,2.5029183605,0.0547303548,0.5771805262,0.0687148277,0.0065651827,4,1,5,3.1424536634,0.3002377093
B151,Bank 151,321.2082270755,20.9065235130,149.6069904785,150.6947130840,127.4718063412,144.1337569770,49.6026637574,0.1544252593,0.0650871359,2.4890998216,0.0000000000,177.0744700985,21.4057705063,153.1795997706,127.4718063412,49.6026637574,0.2801231805,0.1208856957,0.0140567967,0.0000000000,4,0,4,2.4890998216,0.0000000000
B152,Bank 152,452.6463601404,36.4935310710,75.9467234743,340.2061055950,65.2244698290,367.6631820062,19.7587083051,0.0436515347,0.0806226102,13.6758356056,10.5511593702,126.1160901509,36.4935310710,75.9467234743,88.6959220224,26.8690087584,0.2130498077,0.2893645928,0.1084384680,0.0836622778,4,4,8,13.6758356056,10.5511593702
B153,Bank 153,110.5990942198,6.7045959772,20.3696753624,83.5248228802,17.1754072031,77.7548144714,15.6688725453,0.1416727023,0.0606207133,0.5653440429,5.7838575017,38.6281372501,9.4257624523,28.6370307548,17.1754072031,15.6688725453,0.4056336562,0.2440128653,0.0146355502,0.1497317218,1,7,8,0.5653440429,5.7838575017
B154,Bank 154,171.3169070659,20.5521783991,7.0733689005,143.6913597663,133.0965032654,13.6303976250,24.5900061755,0.1435351980,0.1199658501,2.9505145894,0.5055743614,158.1920838024,115.4928223077,39.7487469053,133.0965032654,24.5900061755,0.1554439741,0.7300796572,0.0186514680,0.0031959523,3,4,7,2.9505145894,0.5055743614
B155,Bank 155,107.9635196437,18.4417442797,83.0460166591,6.4757587049,4.2563314024,91.0721848145,12.6350034268,0.1170303031,0.1708145894,0.0844119784,7.4244852627,101.5721729171,18.4417442797,83.0460166591,23.7236289183,70.4240587361,0.6933400824,0.1815629591,0.0008310542,0.0730956624,4,5,9,0.0844119784,7.4244852627
B156,Bank 156,210.3598156557,12.0038082013,174.7933580884,23.5626493659,42.5593937256,140.2148218502,27.5856000799,0.1311353121,0.0570632189,0.2573636515,5.5174940337,187.0545299413,12.0038082013,174.7933580884,110.1447981932,71.3922377143,0.3816653771,0.0641727747,0.0013758750,0.0294967143,3,2,5,0.2573636515,5.5174940337
B157,Bank 157,124.6258775350,10.3045580214,86.5744537865,27.7468657270,29.4382079827,71.3570925853,23.8305769669,0.1912169241,0.0826839355,0.1466259282,3.7368934800,97.0256377361,10.3045580214,86.5744537865,51.5546479698,41.7340962863,0.4301347279,0.1062044864,0.0015112081,0.0385144954,1,2,3,0.1466259282,3.7368934800
B158,Bank 158,205.0482870925,47.6934430435,58.4521651903,98.9026788587,80.4101335477,83.6260489956,41.0121045491,0.2000119344,0.2325961544,6.7016247190,5.0878515292,126.5100896260,53.8324504635,65.9760144434,80.4101335477,41.0121045491,0.3241805035,0.4255190287,0.0529730454,0.0402169625,4,5,9,6.7016247190,5.0878515292
B159,Bank 159,237.6215677489,2.8852776995,113.6937443345,121.0425457150,122.1356155761,86.1287221594,29.3572300135,0.1235461507,0.0121423225,8.6467411969,0.9179815631,152.4108271527,3.5580956501,140.2059903056,122.1356155761,29.3572300135,0.1926190584,0.0233454258,0.0567331164,0.0060230732,5,2,7,8.6467411969,0.9179815631
B160,Bank 160,265.3488391286,30.5661699640,110.0012275909,124.7814415736,111.2207273023,114.2465084965,39.8816033298,0.1502987669,0.1151924013,0.1983349310,4.8082799665,155.9106105986,33.8594010157,121.8528746519,111.2207273023,39.8816033298,0.2557978779,0.2171718838,0.0012721067,0.0308399791,1,3,4,0.1983349310,4.8082799665
B161,Bank 161,107.8961688857,19.1935966570,38.7000363546,50.0025358741,6.9621878846,75.8073561147,25.1266248864,0.2328778227,0.1778895104,0.3384459232,0.0000000000,58.2320789348,19.1935966570,38.7000363546,12.6343930936,45.5976858411,0.7830337964,0.3296052109,0.0058120186,0.0000000000,1,0,1,0.3384459232,0.0000000000
B162,Bank 162,521.4203455456,19.6124456738,206.9775881107,294.8303117612,123.1381945191,382.2152799377,16.0668710889,0.0308136635,0.0376135029,5.6391733853,4.4751189229,232.2292071698,19.6124456738,206.9775881107,201.4670019268,26.2870863201,0.1131945746,0.0844529674,0.0242827914,0.0192702674,5,3,8,5.6391733853,4.4751189229
B163,Bank 163,119.0565584542,1.4100469455,14.2762300183,103.3702814904,97.4057401258,18.0602168328,3.5906014956,0.0301587879,0.0118435050,0.0000000000,0.1716390508,101.1679806722,9.0940382130,92.0739424592,97.4057401258,3.5906014956,0.0354914813,0.0898904787,0.0000000000,0.0016965748,0,2,2,0.0000000000,0.1716390508
B164,Bank 164,102.5746093754,3.5440905023,9.3458301182,89.6846887548,63.9066963109,36.3251557639,2.3427573006,0.0228395440,0.0345513429,4.1520365590,0.0000000000,66.2494536115,17.0737177112,45.0236993413,63.9066963109,2.3427573006,0.0353626660,0.2577186193,0.0626727668,0.0000000000,2,0,2,4.1520365590,0.0000000000
B165,Bank 165,171.5262874049,39.4005827920,123.9352756494,8.1904289635,92.9953987981,50.2619914405,28.2688971663,0.1648079580,0.2297057984,0.4386063217,5.4304619639,163.7744647631,39.4005827920,123.9352756494,121.4311563886,36.9128464106,0.2253882891,0.2405783029,0.0026781118,0.0331581726,5,5,10,0.4386063217,5.4304619639
B166,Bank 166,136.2062801683,0.3153101093,65.3403065807,70.5506634784,81.6795614354,40.1932596576,14.3334590752,0.1052334669,0.0023149455,3.9713169802,3.4931040218,99.5061245325,0.4588044729,95.0760030794,81.6795614354,14.3334590752,0.1440459986,0.0046108164,0.0399102769,0.0351044123,3,5,8,3.9713169802,3.4931040218
B167,Bank 167,325.5938416222,15.3291188102,295.0287298992,15.2359929128,200.2557797752,62.2360111569,63.1020506901,0.1938060326,0.0470804937,0.3357275179,6.2801690882,310.6935762273,15.3291188102,295.0287298992,231.4742041767,72.9392029623,0.2347625073,0.0493383835,0.0010805744,0.0202133857,3,5,8,0.3357275179,6.2801690882
B168,Bank 168,300.7313064537,2.3519829263,46.8407052130,251.5386183144,14.5368454939,235.6305149890,50.5639459709,0.1681366219,0.0078208782,3.4476215189,22.3114176574,87.4122091222,4.0144843457,79.9501032576,14.5368454939,50.5639459709,0.5784540452,0.0459258997,0.0394409609,0.2552437226,3,7,10,3.4476215189,22.3114176574
B169,Bank 169,128.9570475310,3.5666123767,67.9293092767,57.4611258776,43.3019055249,74.8129748341,10.8421671720,0.0840758018,0.0276573669,1.2831345688,0.2843684082,72.7790562222,3.5666123767,67.9293092767,57.9778721182,14.5168156958,0.1994641927,0.0490060268,0.0176305470,0.0039072835,2,1,3,1.2831345688,0.2843684082
B170,Bank 170,766.7415703880,118.8735594761,40.3918935553,607.4761173566,320.7274249259,273.7324745421,172.2816709201,0.2246932703,0.1550373217,48.5490467643,26.6574435582,519.6665394041,351.6356637023,119.4818289376,320.7274249259,172.2816709201,0.3315235018,0.6766563499,0.0934234612,0.0512972099,6,4,10,48.5490467643,26.6574435582
B171,Bank 171,125.7580013523,7.5970065530,24.2429834867,93.9180113126,34.4394729963,67.3150351778,24.0034931782,0.1908705046,0.0604097272,0.0076820515,3.7779573109,62.2209234853,14.8440499594,47.3691914744,34.4394729963,24.0034931782,0.3857784783,0.2385700682,0.0001234641,0.0607184384,1,3,4,0.0076820515,3.7779573109
B172,Bank 172,162.0091763012,23.0543938577,0.0000000000,138.9547824435,127.4603298123,23.4733807211,11.0754657678,0.0683632003,0.1423030126,1.3208744008,0.0000000000,138.5357955801,137.2149211793,0.0000000000,127.4603298123,11.0754657678,0.0799465995,0.9904654649,0.0095345351,0.0000000000,1,0,1,1.3208744008,0.0000000000
B173,Bank 173,121.7879886794,17.9696771487,0.0000000000,103.8183115306,53.3831368024,57.2388647672,11.1659871097,0.0916838124,0.1475488457,0.7027020465,0.0000000000,64.5491239121,63.8464218656,0.0000000000,53.3831368024,11.1659871097,0.1729843324,0.9891136858,0.0108863142,0.0000000000,1,0,1,0.7027020465,0.0000000000
B174,Bank 174,625.2838201893,132.7845425195,440.5059323373,51.9933453324,442.5001273608,133.2014652298,49.5822275987,0.0792955551,0.2123588333,0.4505589919,2.9213320818,573.7410338488,132.7845425195,440.5059323373,513.3038975818,57.5158041852,0.1002469769,0.2314363706,0.0007853003,0.0050917259,2,1,3,0.4505589919,2.9213320818
B175,Bank 175,112.7387102509,0.1336346304,36.1155801324,76.4894954881,92.1893628952,16.0121440828,4.5372032729,0.0402453005,0.0011853482,3.2430190860,1.2545218666,97.9810880347,0.3492568574,94.3888120913,92.1893628952,4.5372032729,0.0463069289,0.0035645334,0.0330984188,0.0128037144,5,3,8,3.2430190860,1.2545218666
B176,Bank 176,103.1107602884,21.9978934399,40.7067719542,40.4060948943,50.0820659879,49.1313076210,3.8973866796,0.0377980598,0.2133423648,1.0253124372,1.6721042343,63.7299778313,21.9978934399,40.7067719542,57.5772144208,4.4806591762,0.0703069313,0.3451734049,0.0160883853,0.0262373265,3,3,6,1.0253124372,1.6721042343
B177,Bank 177,146.3358641980,22.6498316384,45.3984132305,78.2876193291,101.9419442590,10.1373177580,34.2566021810,0.2340957384,0.1547797716,1.4966727282,0.3762334473,136.5747798873,44.9606950346,90.1174121245,101.9419442590,34.2566021810,0.2508267061,0.3292020318,0.0109586318,0.0027547798,1,1,2,1.4966727282,0.3762334473
B178,Bank 178,2581.4369366758,105.0280115587,928.7116242553,1547.6973008618,1348.8470963643,948.5334109450,284.0564293664,0.1100381053,0.0406858715,64.1906562135,108.1397051920,1741.0432309227,170.3683263147,1506.4842483946,1348.8470963643,284.0564293664,0.1631530018,0.0978541620,0.0368690766,0.0621120161,8,9,17,64.1906562135,108.1397051920
B179,Bank 179,440.0684755071,85.0363445148,149.0299568473,206.0021741450,338.0906169378,59.5347345535,42.4431240158,0.0964466359,0.1932343470,3.3354394289,0.3529092825,380.8866502360,137.1644471987,240.3867636084,338.0906169378,42.4431240158,0.1114324274,0.3601188099,0.0087570395,0.0009265467,3,2,5,3.3354394289,0.3529092825
B180,Bank 180,251.0531762687,53.6934672094,0.0000000000,197.3597090593,69.8850877289,135.3027465681,45.8653419718,0.1826917415,0.2138728854,1.3358440280,5.0215865758,120.7720162764,119.4361722485,0.0000000000,69.8850877289,45.8653419718,0.3797679577,0.9889391262,0.0110608738,0.0415790572,1,1,2,1.3358440280,5.0215865758
B181,Bank 181,437.6883619643,27.8220419279,404.8783790466,4.9879409897,188.0455409151,188.9375140891,60.7053069601,0.1386952732,0.0635658709,0.3020425492,14.6261470548,433.0024635238,27.8220419279,404.8783790466,316.2755078364,102.1008086325,0.2357972927,0.0642537728,0.0006975539,0.0337784384,4,1,5,0.3020425492,14.6261470548
B182,Bank 182,444.9268003565,102.1989831579,261.8881185710,80.8396986275,181.0889112515,159.6810338162,104.1568552888,0.2340988567,0.2296984202,3.1146191511,1.1201701453,367.2017208800,102.1989831579,261.8881185710,232.4076891864,133.6738615484,0.3640338646,0.2783183666,0.0084820385,0.0030505580,7,2,9,3.1146191511,1.1201701453
B183,Bank 183,162.8613526226,18.5033879520,102.2769742594,42.0809904112,13.7581516291,117.2971814097,31.8060195837,0.1952950720,0.1136143576,2.2042028519,5.9188700423,122.9845650633,18.5033879520,102.2769742594,35.3481154115,81.7175796094,0.6644539465,0.1504529283,0.0179225974,0.0481269340,6,4,10,2.2042028519,5.9188700423
B184,Bank 184,128.8049545866,19.4310148592,40.9475051047,68.4264346227,45.1566371208,68.1449639519,15.5033535140,0.1203630215,0.1508561136,3.1048084426,3.9688544409,64.6288450757,19.7996650254,41.7243716077,45.1566371208,15.5033535140,0.2398828804,0.3063595675,0.0480405992,0.0614099546,5,2,7,3.1048084426,3.9688544409
B185,Bank 185,267.9533696504,65.9600401144,0.0000000000,201.9933295360,222.5227876021,20.0517781880,25.3788038603,0.0947135089,0.2461623834,4.5204506271,0.7487409301,248.6503323925,244.1298817654,0.0000000000,222.5227876021,25.3788038603,0.1020662374,0.9818200499,0.0181799501,0.0030112203,4,3,7,4.5204506271,0.7487409301
B186,Bank 186,205.9517647281,18.6147483522,170.9980098842,16.3390064917,97.8732338266,57.2761506912,50.8023802103,0.2466712547,0.0903840197,0.7131713209,5.4803620328,190.3259295572,18.6147483522,170.9980098842,121.6839329659,63.1616345586,0.3318603761,0.0978045839,0.0037471054,0.0287946159,1,3,4,0.7131713209,5.4803620328
B187,Bank 187,136.6025641508,27.7699129255,18.8644358467,89.9682153785,19.8899741970,92.1620631074,24.5505268464,0.1797222988,0.2032898365,1.0714266107,15.0418162022,59.4823172456,34.7826310336,23.6282596014,19.8899741970,24.5505268464,0.4127365574,0.5847558173,0.0180125231,0.2528787865,2,4,6,1.0714266107,15.0418162022
B188,Bank 188,106.8391373361,8.5043717693,0.0000000000,98.3347655668,27.5922414059,53.8354773814,25.4114185488,0.2378474703,0.0795997795,3.4413131701,4.2744315752,57.2780915300,53.8367783599,0.0000000000,27.5922414059,25.4114185488,0.4436498820,0.9399192068,0.0600807932,0.0746259427,4,4,8,3.4413131701,4.2744315752
B189,Bank 189,249.8497888636,49.9208324472,35.6286539100,164.3003025063,46.4118205732,195.8172584734,7.6207098170,0.0305011657,0.1998033806,0.0000000000,10.5216205161,85.5494863573,49.9208324472,35.6286539100,64.4459887823,10.5818770588,0.1236930519,0.5835316443,0.0000000000,0.1229887047,0,2,2,0.0000000000,10.5216205161
B190,Bank 190,122.5019917416,18.3977753918,78.9247931970,25.1794231527,2.3938352071,94.0418291765,26.0663273580,0.2127828861,0.1501834797,0.1922163557,11.1756756971,97.5147849445,18.3977753918,78.9247931970,7.2621369956,79.0769722519,0.8109229005,0.1886665227,0.0019711509,0.1146049361,2,6,8,0.1922163557,11.1756756971
B191,Bank 191,630.3506410655,34.0949877959,358.4298688045,237.8257844651,491.3007420189,38.4261455417,100.6237535049,0.1596313971,0.0540889238,2.0312487631,0.0000000000,591.9244955237,51.2385463264,538.6547004343,491.3007420189,100.6237535049,0.1699942379,0.0865626388,0.0034316011,0.0000000000,1,0,1,2.0312487631,0.0000000000
B192,Bank 192,120.1787248852,12.4392820052,77.7955417040,29.9439011759,52.1758601687,64.2342404239,3.7686242926,0.0313584979,0.1035065234,0.3389398005,3.3891750215,90.5737635097,12.4392820052,77.7955417040,81.3115169731,5.8730715151,0.0648429665,0.1373386897,0.0037421411,0.0374189488,2,3,5,0.3389398005,3.3891750215
B193,Bank 193,109.1240225836,8.6654195344,77.9392660174,22.5193370319,28.6102405264,64.4205812955,16.0932007617,0.1474762420,0.0794089086,0.0000000000,0.0240777443,86.6046855518,8.6654195344,77.9392660174,55.4116627918,31.1689450156,0.3598990611,0.1000571676,0.0000000000,0.0002780190,0,1,1,0.0000000000,0.0240777443
B194,Bank 194,327.2919249719,6.3910615819,62.9799710853,257.9208923047,162.2176837501,108.8330530840,56.2411881378,0.1718379949,0.0195270983,17.0831687587,12.9011244427,231.3599963307,19.7410410072,194.5357865648,162.2176837501,56.2411881378,0.2430895100,0.0853260776,0.0738380404,0.0557621224,4,3,7,17.0831687587,12.9011244427
B195,Bank 195,111.7313202621,0.8333695632,102.3821599799,8.5157907189,0.8139330548,110.4633816481,0.4540055592,0.0040633688,0.0074586925,0.4040204298,0.0000000000,103.6195499730,0.8333695632,102.3821599799,66.5169243330,37.1026256399,0.3580658828,0.0080425901,0.0038990753,0.0000000000,1,0,1,0.4040204298,0.0000000000
B196,Bank 196,114.0772905144,9.8813365575,40.0833306172,64.1126233398,28.0964136689,72.9617863873,13.0190904581,0.1141251725,0.0866196639,0.6421117637,11.2792419490,52.3947460760,10.2349365320,41.5176977803,28.0964136689,13.0190904581,0.2484808389,0.1953428024,0.0122552701,0.2152742936,1,5,6,0.6421117637,11.2792419490
B197,Bank 197,184.0123336239,0.8756294896,116.7107633290,66.4259408053,102.6494118465,43.3598705772,38.0030512002,0.2065244783,0.0047585370,1.3027442847,3.9417494164,144.5942124632,1.0670472334,142.2244209450,102.6494118465,38.0030512002,0.2628255347,0.0073795985,0.0090096572,0.0272607689,2,3,5,1.3027442847,3.9417494164
B198,Bank 198,399.0684065887,16.5102339320,0.0000000000,382.5581726567,234.0639113618,135.2561813720,29.7483138549,0.0745443973,0.0413719394,6.3173977648,5.0198583687,268.8320835854,262.5146858206,0.0000000000,234.0639113618,29.7483138549,0.1106576025,0.9765005810,0.0234994190,0.0186728396,2,1,3,6.3173977648,5.0198583687
B199,Bank 199,115.6962292192,20.9752439288,93.9537455626,0.7672397279,100.5079797721,1.8625345069,13.3257149402,0.1151784724,0.1812958302,0.0014528252,0.2365762153,114.9304423166,20.9752439288,93.9537455626,101.2674569092,13.4264091921,0.1168220440,0.1825038128,0.0000126409,0.0020584295,1,7,8,0.0014528252,0.2365762153
B200,Bank 200,128.1060932842,22.6777004731,13.3068381505,92.1215546607,70.6394292977,43.2294373223,14.2372266642,0.1111362176,0.1770228089,2.9604597361,3.9313330264,88.8079889884,54.1016955950,31.7458336573,70.6394292977,14.2372266642,0.1603147062,0.6091985216,0.0333355115,0.0442677857,5,4,9,2.9604597361,3.9313330264
