Source,Target,Type,Weight,relationship
B001,B002,Directed,0.0319793073,interbank_loan
B001,B003,Directed,0.2482524444,interbank_loan
B001,B004,Directed,0.6696752772,interbank_loan
B001,B005,Directed,0.0011111404,interbank_loan
B001,B006,Directed,0.4768408992,interbank_loan
B001,B009,Directed,0.3341966243,interbank_loan
B001,B013,Directed,0.6055359172,interbank_loan
B001,B014,Directed,0.0918508498,interbank_loan
B001,B016,Directed,0.2589002113,interbank_loan
B001,B025,Directed,0.3517561609,interbank_loan
B001,B026,Directed,0.0621219097,interbank_loan
B001,B072,Directed,0.2512636890,interbank_loan
B001,B074,Directed,0.3104349628,interbank_loan
B001,B079,Directed,0.1730643462,interbank_loan
B001,B080,Directed,0.4529939465,interbank_loan
B001,B120,Directed,0.0896918687,interbank_loan
B001,B121,Directed,0.0699314772,interbank_loan
B001,B122,Directed,0.3914915995,interbank_loan
B001,B130,Directed,0.4063754393,interbank_loan
B001,B158,Directed,0.2946751636,interbank_loan
B001,B186,Directed,0.2018253795,interbank_loan
B001,B200,Directed,0.1523286305,interbank_loan
B002,B001,Directed,0.7606919028,interbank_loan
B002,B003,Directed,0.3537007264,interbank_loan
B002,B004,Directed,0.9541280953,interbank_loan
B002,B005,Directed,0.0015831110,interbank_loan
B002,B007,Directed,0.9022771973,interbank_loan
B002,B008,Directed,0.1900644761,interbank_loan
B002,B009,Directed,0.4761507546,interbank_loan
B002,B010,Directed,0.0005847488,interbank_loan
B002,B012,Directed,0.8572802832,interbank_loan
B002,B013,Directed,0.8627447526,interbank_loan
B002,B018,Directed,0.1133841468,interbank_loan
B002,B049,Directed,0.9238858859,interbank_loan
B002,B074,Directed,0.4422960350,interbank_loan
B002,B119,Directed,0.6672888416,interbank_loan
B003,B001,Directed,0.3070922061,interbank_loan
B003,B002,Directed,0.0183938005,interbank_loan
B003,B004,Directed,0.3851826220,interbank_loan
B003,B005,Directed,0.0006391037,interbank_loan
B003,B006,Directed,0.2742684911,interbank_loan
B003,B008,Directed,0.0767292501,interbank_loan
B003,B012,Directed,0.3460850476,interbank_loan
B003,B013,Directed,0.3482910602,interbank_loan
B003,B024,Directed,0.6495130563,interbank_loan
B003,B026,Directed,0.0357311683,interbank_loan
B003,B030,Directed,0.0844027414,interbank_loan
B003,B037,Directed,0.1717589680,interbank_loan
B003,B057,Directed,0.0048506793,interbank_loan
B003,B063,Directed,0.0175698449,interbank_loan
B003,B070,Directed,0.1451812889,interbank_loan
B003,B077,Directed,0.1344643470,interbank_loan
B003,B078,Directed,0.1418899553,interbank_loan
B003,B079,Directed,0.0995428395,interbank_loan
B003,B093,Directed,0.0802939854,interbank_loan
B003,B115,Directed,0.1394726285,interbank_loan
B003,B119,Directed,0.2693852816,interbank_loan
B003,B120,Directed,0.0515888078,interbank_loan
B003,B124,Directed,0.1002157524,interbank_loan
B003,B133,Directed,0.1830396794,interbank_loan
B003,B137,Directed,0.7839341038,interbank_loan
B003,B149,Directed,0.0621116443,interbank_loan
B003,B178,Directed,1.9224586475,interbank_loan
B003,B179,Directed,0.1206631880,interbank_loan
B003,B192,Directed,0.1301880034,interbank_loan
B004,B001,Directed,0.6828953991,interbank_loan
B004,B002,Directed,0.0409031603,interbank_loan
B004,B003,Directed,0.3175275007,interbank_loan
B004,B005,Directed,0.0014212051,interbank_loan
B004,B006,Directed,0.6099037586,interbank_loan
B004,B008,Directed,0.1706264465,interbank_loan
B004,B010,Directed,0.0005249461,interbank_loan
B004,B013,Directed,0.7745112312,interbank_loan
B004,B018,Directed,0.1017882692,interbank_loan
B004,B019,Directed,0.8961137532,interbank_loan
B004,B021,Directed,0.3687271457,interbank_loan
B004,B024,Directed,1.4443527680,interbank_loan
B004,B025,Directed,0.4499140175,interbank_loan
B004,B026,Directed,0.0794570815,interbank_loan
B004,B029,Directed,0.3996518831,interbank_loan
B004,B046,Directed,0.3041694958,interbank_loan
B004,B055,Directed,0.8687285050,interbank_loan
B004,B094,Directed,0.4134230533,interbank_loan
B004,B097,Directed,0.2610442799,interbank_loan
B004,B101,Directed,0.4707438273,interbank_loan
B004,B126,Directed,0.3770642052,interbank_loan
B004,B132,Directed,0.7089572600,interbank_loan
B004,B141,Directed,0.0073704225,interbank_loan
B004,B154,Directed,0.0614325145,interbank_loan
B004,B157,Directed,0.3216080515,interbank_loan
B004,B170,Directed,1.2337185358,interbank_loan
B004,B182,Directed,0.7196860788,interbank_loan
B005,B001,Directed,0.6145859254,interbank_loan
B005,B002,Directed,0.0368116503,interbank_loan
B005,B003,Directed,0.2857654820,interbank_loan
B005,B004,Directed,0.7708688580,interbank_loan
B005,B010,Directed,0.0004724362,interbank_loan
B005,B013,Directed,0.6970375000,interbank_loan
B005,B015,Directed,0.4778085362,interbank_loan
B005,B078,Directed,0.2839654273,interbank_loan
B005,B132,Directed,0.6380408394,interbank_loan
B006,B005,Directed,0.0150923492,interbank_loan
B006,B002,Directed,0.4343671327,interbank_loan
B006,B008,Directed,1.8119509561,interbank_loan
B006,B013,Directed,8.2248467018,interbank_loan
B006,B016,Directed,3.5165784370,interbank_loan
B006,B018,Directed,1.0809306266,interbank_loan
B006,B020,Directed,0.7491287678,interbank_loan
B006,B025,Directed,4.7778181572,interbank_loan
B006,B026,Directed,0.8437867506,interbank_loan
B006,B027,Directed,5.5020701765,interbank_loan
B006,B028,Directed,0.6392016350,interbank_loan
B006,B029,Directed,4.2440643087,interbank_loan
B006,B031,Directed,0.8279927007,interbank_loan
B006,B034,Directed,0.8979665065,interbank_loan
B006,B039,Directed,1.4399684073,interbank_loan
B006,B040,Directed,3.6024044979,interbank_loan
B006,B042,Directed,10.6605661046,interbank_loan
B006,B046,Directed,3.2300983816,interbank_loan
B006,B049,Directed,8.8077264553,interbank_loan
B006,B050,Directed,1.8129492015,interbank_loan
B006,B054,Directed,7.6879257881,interbank_loan
B006,B057,Directed,0.1145481417,interbank_loan
B006,B058,Directed,4.4163644088,interbank_loan
B006,B063,Directed,0.4149095319,interbank_loan
B006,B064,Directed,8.4575853299,interbank_loan
B006,B065,Directed,3.0421124916,interbank_loan
B006,B069,Directed,4.0378407911,interbank_loan
B006,B070,Directed,3.4284366762,interbank_loan
B006,B074,Directed,4.2165623995,interbank_loan
B006,B075,Directed,2.9832630928,interbank_loan
B006,B076,Directed,3.7371967666,interbank_loan
B006,B078,Directed,3.3507122758,interbank_loan
B006,B079,Directed,2.3506908127,interbank_loan
B006,B083,Directed,5.6851042738,interbank_loan
B006,B084,Directed,3.4591776203,interbank_loan
B006,B090,Directed,3.2167548469,interbank_loan
B006,B091,Directed,1.2603159506,interbank_loan
B006,B092,Directed,3.6775307298,interbank_loan
B006,B096,Directed,3.2433164662,interbank_loan
B006,B097,Directed,2.7721343450,interbank_loan
B006,B098,Directed,1.5209444620,interbank_loan
B006,B108,Directed,0.8078214305,interbank_loan
B006,B109,Directed,2.4159284259,interbank_loan
B006,B110,Directed,19.2743497483,interbank_loan
B006,B115,Directed,3.2936274268,interbank_loan
B006,B117,Directed,7.6596423658,interbank_loan
B006,B118,Directed,2.3801816858,interbank_loan
B006,B119,Directed,6.3614973157,interbank_loan
B006,B120,Directed,1.2182627809,interbank_loan
B006,B121,Directed,0.9498622014,interbank_loan
B006,B122,Directed,5.3175349297,interbank_loan
B006,B123,Directed,3.9408005449,interbank_loan
B006,B124,Directed,2.3665815588,interbank_loan
B006,B126,Directed,4.0041966597,interbank_loan
B006,B127,Directed,0.2075180065,interbank_loan
B006,B129,Directed,0.9870314345,interbank_loan
B006,B130,Directed,5.5196984959,interbank_loan
B006,B134,Directed,1.7916187992,interbank_loan
B006,B137,Directed,18.5124987799,interbank_loan
B006,B138,Directed,5.0798705842,interbank_loan
B006,B139,Directed,10.8027206675,interbank_loan
B006,B140,Directed,0.6356674991,interbank_loan
B006,B141,Directed,0.0782694845,interbank_loan
B006,B143,Directed,3.9242109443,interbank_loan
B006,B145,Directed,5.0668105128,interbank_loan
B006,B146,Directed,2.6019451356,interbank_loan
B006,B147,Directed,2.9032710809,interbank_loan
B006,B148,Directed,6.7282028913,interbank_loan
B006,B155,Directed,4.3588870351,interbank_loan
B006,B157,Directed,3.4152854284,interbank_loan
B006,B165,Directed,2.4056339847,interbank_loan
B006,B166,Directed,1.9237254358,interbank_loan
B006,B167,Directed,2.9787332181,interbank_loan
B006,B168,Directed,11.2777221602,interbank_loan
B006,B170,Directed,13.1013540171,interbank_loan
B006,B171,Directed,3.2218249151,interbank_loan
B006,B175,Directed,0.7663715040,interbank_loan
B006,B184,Directed,3.2615468761,interbank_loan
B006,B187,Directed,4.4110506718,interbank_loan
B006,B188,Directed,2.5766677813,interbank_loan
B006,B189,Directed,9.3721843936,interbank_loan
B006,B192,Directed,3.0743722506,interbank_loan
B006,B197,Directed,2.0752854243,interbank_loan
B006,B200,Directed,2.0690426420,interbank_loan
B007,B008,Directed,0.1509580718,interbank_loan
B007,B011,Directed,0.1499835399,interbank_loan
B007,B014,Directed,0.1039395864,interbank_loan
B007,B017,Directed,0.5661976369,interbank_loan
B007,B029,Directed,0.3535833917,interbank_loan
B007,B046,Directed,0.2691074070,interbank_loan
B007,B155,Directed,0.3631495543,interbank_loan
B007,B166,Directed,0.1602702775,interbank_loan
B007,B167,Directed,0.2481655596,interbank_loan
B008,B001,Directed,1.7522776279,interbank_loan
B008,B005,Directed,0.0036467457,interbank_loan
B008,B009,Directed,1.0968281793,interbank_loan
B008,B010,Directed,0.0013469871,interbank_loan
B008,B012,Directed,1.9747719878,interbank_loan
B008,B018,Directed,0.2611839341,interbank_loan
B008,B021,Directed,0.9461365957,interbank_loan
B008,B024,Directed,3.7061415925,interbank_loan
B008,B026,Directed,0.2038831519,interbank_loan
B008,B027,Directed,1.3294584307,interbank_loan
B008,B032,Directed,2.3156870184,interbank_loan
B008,B034,Directed,0.2169745394,interbank_loan
B008,B037,Directed,0.9800619849,interbank_loan
B008,B070,Directed,0.8284089256,interbank_loan
B008,B076,Directed,0.9030142454,interbank_loan
B008,B082,Directed,1.2218267361,interbank_loan
B008,B114,Directed,1.3445386975,interbank_loan
B008,B115,Directed,0.7958351329,interbank_loan
B008,B141,Directed,0.0189121590,interbank_loan
B008,B146,Directed,0.6287047940,interbank_loan
B008,B153,Directed,0.8992196427,interbank_loan
B008,B168,Directed,2.7250220960,interbank_loan
B008,B178,Directed,10.9696085152,interbank_loan
B009,B003,Directed,0.1902390621,interbank_loan
B009,B004,Directed,0.5131808348,interbank_loan
B009,B006,Directed,0.3654093544,interbank_loan
B009,B005,Directed,0.0008514813,interbank_loan
B009,B010,Directed,0.0003145090,interbank_loan
B009,B013,Directed,0.4640300129,interbank_loan
B009,B034,Directed,0.0506615411,interbank_loan
B009,B035,Directed,0.3032473351,interbank_loan
B009,B047,Directed,0.0062908051,interbank_loan
B009,B066,Directed,0.1329304262,interbank_loan
B009,B069,Directed,0.2278072020,interbank_loan
B010,B003,Directed,0.0043199194,interbank_loan
B010,B006,Directed,0.0082976595,interbank_loan
B010,B001,Directed,0.0092907011,interbank_loan
B010,B012,Directed,0.0104703821,interbank_loan
B010,B096,Directed,0.0041551197,interbank_loan
B011,B003,Directed,0.4135475517,interbank_loan
B011,B006,Directed,0.7943381458,interbank_loan
B011,B034,Directed,0.1101296236,interbank_loan
B011,B189,Directed,1.1494361225,interbank_loan
B012,B006,Directed,3.2344770586,interbank_loan
B012,B001,Directed,3.6215705686,interbank_loan
B012,B004,Directed,4.5424990272,interbank_loan
B012,B007,Directed,4.2956425988,interbank_loan
B012,B005,Directed,0.0075370174,interbank_loan
B012,B009,Directed,2.2669014259,interbank_loan
B012,B013,Directed,4.1074329735,interbank_loan
B012,B015,Directed,2.8155824279,interbank_loan
B012,B017,Directed,3.3939139276,interbank_loan
B012,B018,Directed,0.5398094650,interbank_loan
B012,B029,Directed,2.1194570933,interbank_loan
B012,B047,Directed,0.0556840282,interbank_loan
B012,B051,Directed,2.2221139087,interbank_loan
B012,B054,Directed,3.8392982902,interbank_loan
B012,B055,Directed,4.6070914958,interbank_loan
B012,B057,Directed,0.0572045695,interbank_loan
B012,B065,Directed,1.5192104619,interbank_loan
B012,B066,Directed,1.1766540972,interbank_loan
B012,B067,Directed,1.3434608623,interbank_loan
B012,B074,Directed,2.1057228253,interbank_loan
B012,B076,Directed,1.8663308611,interbank_loan
B012,B079,Directed,1.1739191385,interbank_loan
B012,B080,Directed,3.0727199158,interbank_loan
B012,B081,Directed,2.8910607451,interbank_loan
B012,B088,Directed,2.5347092590,interbank_loan
B012,B089,Directed,0.9980289282,interbank_loan
B012,B090,Directed,1.6064256763,interbank_loan
B012,B097,Directed,1.3843851963,interbank_loan
B012,B101,Directed,2.4964760229,interbank_loan
B012,B104,Directed,10.5109953201,interbank_loan
B012,B110,Directed,9.6254802757,interbank_loan
B012,B115,Directed,1.6448153243,interbank_loan
B012,B117,Directed,3.8251737399,interbank_loan
B012,B118,Directed,1.1886466817,interbank_loan
B012,B120,Directed,0.6083922167,interbank_loan
B012,B122,Directed,2.6555410818,interbank_loan
B012,B127,Directed,0.1036330929,interbank_loan
B012,B134,Directed,0.8947223454,interbank_loan
B012,B141,Directed,0.0390872527,interbank_loan
B012,B153,Directed,1.8584882561,interbank_loan
B012,B158,Directed,1.9988219510,interbank_loan
B012,B167,Directed,1.4875592802,interbank_loan
B012,B168,Directed,5.6320183884,interbank_loan
B012,B170,Directed,6.5427278390,interbank_loan
B012,B175,Directed,0.3827207606,interbank_loan
B012,B176,Directed,1.1743318898,interbank_loan
B012,B190,Directed,2.2477789484,interbank_loan
B013,B008,Directed,0.0026062999,interbank_loan
B013,B007,Directed,0.0123726698,interbank_loan
B013,B024,Directed,0.0220623274,interbank_loan
B013,B040,Directed,0.0051816781,interbank_loan
B013,B042,Directed,0.0153340976,interbank_loan
B013,B050,Directed,0.0026077358,interbank_loan
B013,B090,Directed,0.0046269619,interbank_loan
B013,B106,Directed,0.0028240885,interbank_loan
B013,B129,Directed,0.0014197404,interbank_loan
B014,B006,Directed,0.8910141915,interbank_loan
B014,B018,Directed,0.1487034489,interbank_loan
B014,B024,Directed,2.1100686715,interbank_loan
B014,B175,Directed,0.1054296020,interbank_loan
B015,B006,Directed,0.8733765650,interbank_loan
B015,B009,Directed,0.6121108744,interbank_loan
B015,B004,Directed,1.2265698984,interbank_loan
B016,B012,Directed,0.1041601866,interbank_loan
B016,B002,Directed,0.0055359274,interbank_loan
B016,B088,Directed,0.0646872824,interbank_loan
B016,B142,Directed,0.0322879937,interbank_loan
B017,B006,Directed,0.1388214580,interbank_loan
B017,B002,Directed,0.0093100530,interbank_loan
B017,B009,Directed,0.0972937991,interbank_loan
B017,B003,Directed,0.0722730922,interbank_loan
B017,B018,Directed,0.0231682388,interbank_loan
B017,B040,Directed,0.0772125109,interbank_loan
B017,B079,Directed,0.0503837756,interbank_loan
B017,B090,Directed,0.0689466490,interbank_loan
B017,B114,Directed,0.1192668828,interbank_loan
B018,B003,Directed,0.1707813970,interbank_loan
B018,B016,Directed,0.1781063622,interbank_loan
B018,B001,Directed,0.3672936361,interbank_loan
B018,B037,Directed,0.2054300781,interbank_loan
B019,B006,Directed,0.8265239601,interbank_loan
B019,B026,Directed,0.1076779422,interbank_loan
B019,B079,Directed,0.2999781039,interbank_loan
B019,B091,Directed,0.1608323762,interbank_loan
B019,B121,Directed,0.1212145215,interbank_loan
B019,B178,Directed,5.7934403178,interbank_loan
B020,B003,Directed,0.4984375276,interbank_loan
B020,B025,Directed,0.7062507344,interbank_loan
B020,B028,Directed,0.0944859367,interbank_loan
B020,B031,Directed,0.1223927813,interbank_loan
B021,B006,Directed,1.4045787071,interbank_loan
B021,B001,Directed,1.5726749068,interbank_loan
B021,B013,Directed,1.7836617143,interbank_loan
B021,B003,Directed,0.7312503983,interbank_loan
B021,B012,Directed,1.7723643232,interbank_loan
B021,B018,Directed,0.2344134358,interbank_loan
B021,B002,Directed,0.0941979896,interbank_loan
B021,B029,Directed,0.9203788587,interbank_loan
B021,B039,Directed,0.3122753057,interbank_loan
B021,B067,Directed,0.5834008054,interbank_loan
B021,B068,Directed,0.0754256013,interbank_loan
B021,B100,Directed,3.7474980461,interbank_loan
B021,B116,Directed,2.8747261666,interbank_loan
B021,B119,Directed,1.3795709050,interbank_loan
B021,B122,Directed,1.1531744983,interbank_loan
B021,B126,Directed,0.8683605345,interbank_loan
B021,B184,Directed,0.7073075649,interbank_loan
B022,B013,Directed,0.4665837328,interbank_loan
B023,B006,Directed,5.0223374034,interbank_loan
B023,B001,Directed,5.6233972280,interbank_loan
B023,B030,Directed,1.5455623189,interbank_loan
B023,B035,Directed,4.1679568824,interbank_loan
B023,B037,Directed,3.1452081346,interbank_loan
B023,B038,Directed,2.2726729962,interbank_loan
B023,B041,Directed,0.6422857292,interbank_loan
B023,B044,Directed,3.3323636147,interbank_loan
B023,B046,Directed,2.5047260557,interbank_loan
B023,B049,Directed,6.8298049590,interbank_loan
B023,B054,Directed,5.9614741600,interbank_loan
B023,B055,Directed,7.1536658079,interbank_loan
B023,B059,Directed,0.8704120429,interbank_loan
B023,B061,Directed,3.1885904129,interbank_loan
B023,B070,Directed,2.6585241868,interbank_loan
B023,B077,Directed,2.4622781740,interbank_loan
B023,B080,Directed,4.7711688423,interbank_loan
B023,B090,Directed,2.4943790337,interbank_loan
B023,B091,Directed,0.9772910379,interbank_loan
B023,B096,Directed,2.5149757996,interbank_loan
B023,B097,Directed,2.1496054620,interbank_loan
B023,B098,Directed,1.1793910814,interbank_loan
B023,B104,Directed,16.3209582219,interbank_loan
B023,B108,Directed,0.6264116898,interbank_loan
B023,B112,Directed,0.6103666401,interbank_loan
B023,B123,Directed,3.0558282254,interbank_loan
B023,B124,Directed,1.8351263005,interbank_loan
B023,B126,Directed,3.1049876880,interbank_loan
B023,B129,Directed,0.7653771061,interbank_loan
B023,B130,Directed,4.2801583758,interbank_loan
B023,B136,Directed,2.5219609253,interbank_loan
B023,B146,Directed,2.0176350708,interbank_loan
B023,B156,Directed,5.2038919016,interbank_loan
B023,B165,Directed,1.8654088545,interbank_loan
B023,B177,Directed,0.3762334473,interbank_loan
B023,B178,Directed,35.2035916778,interbank_loan
B023,B180,Directed,5.0215865758,interbank_loan
B023,B183,Directed,4.3533332950,interbank_loan
B023,B187,Directed,3.4204758635,interbank_loan
B023,B190,Directed,3.4902409517,interbank_loan
B023,B196,Directed,2.7078824071,interbank_loan
B023,B198,Directed,5.0198583687,interbank_loan
B023,B200,Directed,1.6044046972,interbank_loan
B024,B017,Directed,1.0607870965,interbank_loan
B024,B021,Directed,0.6111886507,interbank_loan
B024,B002,Directed,0.0677995846,interbank_loan
B024,B012,Directed,1.2756701645,interbank_loan
B024,B006,Directed,1.0109541965,interbank_loan
B024,B034,Directed,0.1401619772,interbank_loan
B024,B056,Directed,1.3641571282,interbank_loan
B024,B063,Directed,0.0647624827,interbank_loan
B024,B064,Directed,1.3201292855,interbank_loan
B024,B077,Directed,0.4956358470,interbank_loan
B024,B083,Directed,0.8873777030,interbank_loan
B024,B084,Directed,0.5399368144,interbank_loan
B024,B094,Directed,0.6852749548,interbank_loan
B024,B106,Directed,0.3064576179,interbank_loan
B024,B107,Directed,0.6884877362,interbank_loan
B024,B108,Directed,0.1260913944,interbank_loan
B024,B118,Directed,0.3715182792,interbank_loan
B024,B125,Directed,0.5329372625,interbank_loan
B024,B131,Directed,0.2156908456,interbank_loan
B024,B144,Directed,0.0108317542,interbank_loan
B024,B153,Directed,0.5808810722,interbank_loan
B024,B163,Directed,0.1349220391,interbank_loan
B024,B183,Directed,0.8762893072,interbank_loan
B024,B199,Directed,0.0139143929,interbank_loan
B025,B024,Directed,0.7167514727,interbank_loan
B025,B008,Directed,0.0846723595,interbank_loan
B025,B003,Directed,0.1575711341,interbank_loan
B025,B031,Directed,0.0386920492,interbank_loan
B025,B038,Directed,0.1369580904,interbank_loan
B025,B048,Directed,0.0976891169,interbank_loan
B025,B050,Directed,0.0847190074,interbank_loan
B025,B055,Directed,0.4311013550,interbank_loan
B025,B099,Directed,0.1251475513,interbank_loan
B025,B137,Directed,0.8650879576,interbank_loan
B025,B153,Directed,0.1739051213,interbank_loan
B025,B156,Directed,0.3136021321,interbank_loan
B026,B012,Directed,0.8851579386,interbank_loan
B026,B009,Directed,0.4916345665,interbank_loan
B026,B054,Directed,0.8326483583,interbank_loan
B026,B079,Directed,0.2545938788,interbank_loan
B026,B113,Directed,0.5877416850,interbank_loan
B027,B024,Directed,0.9854362115,interbank_loan
B027,B001,Directed,0.4659179322,interbank_loan
B027,B059,Directed,0.0721166517,interbank_loan
B027,B111,Directed,0.3767042824,interbank_loan
B028,B021,Directed,0.3240989183,interbank_loan
B028,B001,Directed,0.6002423818,interbank_loan
B028,B041,Directed,0.0685576886,interbank_loan
B029,B003,Directed,0.0496924992,interbank_loan
B029,B014,Directed,0.0183857134,interbank_loan
B029,B025,Directed,0.0704107579,interbank_loan
B029,B032,Directed,0.1412344445,interbank_loan
B029,B034,Directed,0.0132333421,interbank_loan
B029,B137,Directed,0.2728188948,interbank_loan
B029,B149,Directed,0.0216156308,interbank_loan
B029,B188,Directed,0.0379723810,interbank_loan
B030,B006,Directed,1.0866838829,interbank_loan
B030,B017,Directed,1.1402497214,interbank_loan
B030,B021,Directed,0.6569722529,interbank_loan
B030,B001,Directed,1.2167352855,interbank_loan
B030,B012,Directed,1.3712294903,interbank_loan
B030,B015,Directed,0.9459482908,interbank_loan
B030,B005,Directed,0.0025322039,interbank_loan
B030,B014,Directed,0.2093210510,interbank_loan
B030,B033,Directed,0.2391220753,interbank_loan
B030,B065,Directed,0.5104075539,interbank_loan
B030,B068,Directed,0.0583547115,interbank_loan
B030,B101,Directed,0.8387384449,interbank_loan
B030,B117,Directed,1.2851396306,interbank_loan
B030,B126,Directed,0.6718266429,interbank_loan
B031,B029,Directed,0.4290361862,interbank_loan
B031,B002,Directed,0.0439105547,interbank_loan
B031,B046,Directed,0.3265334806,interbank_loan
B031,B048,Directed,0.2113308635,interbank_loan
B031,B057,Directed,0.0115797722,interbank_loan
B031,B076,Directed,0.3777965014,interbank_loan
B031,B083,Directed,0.5747121811,interbank_loan
B031,B112,Directed,0.0795716334,interbank_loan
B031,B117,Directed,0.7743199699,interbank_loan
B031,B153,Directed,0.3762089433,interbank_loan
B031,B155,Directed,0.4406437164,interbank_loan
B031,B159,Directed,0.4167252635,interbank_loan
B031,B178,Directed,4.5893846528,interbank_loan
B032,B031,Directed,0.3794098273,interbank_loan
B032,B001,Directed,3.3230459486,interbank_loan
B032,B034,Directed,0.4114738171,interbank_loan
B032,B037,Directed,1.8586044566,interbank_loan
B032,B038,Directed,1.3429954325,interbank_loan
B032,B039,Directed,0.6598345182,interbank_loan
B032,B048,Directed,0.9579283525,interbank_loan
B032,B051,Directed,2.0389459440,interbank_loan
B032,B054,Directed,3.5228264608,interbank_loan
B032,B055,Directed,4.2273307782,interbank_loan
B032,B073,Directed,6.8486596333,interbank_loan
B032,B075,Directed,1.3670160786,interbank_loan
B032,B084,Directed,1.5850936637,interbank_loan
B032,B087,Directed,2.6739929830,interbank_loan
B032,B088,Directed,2.3257741840,interbank_loan
B032,B096,Directed,1.4861799376,interbank_loan
B032,B098,Directed,0.6969400517,interbank_loan
B032,B099,Directed,1.2271826320,interbank_loan
B032,B106,Directed,0.8996682859,interbank_loan
B032,B111,Directed,2.6867513634,interbank_loan
B032,B113,Directed,2.4866583105,interbank_loan
B032,B114,Directed,2.5498036387,interbank_loan
B032,B120,Directed,0.5582426885,interbank_loan
B032,B122,Directed,2.4366458878,interbank_loan
B032,B124,Directed,1.0844350436,interbank_loan
B032,B132,Directed,3.4498658996,interbank_loan
B032,B146,Directed,1.1922853350,interbank_loan
B032,B152,Directed,8.0634717270,interbank_loan
B032,B153,Directed,1.7052938092,interbank_loan
B032,B154,Directed,0.2989375365,interbank_loan
B032,B158,Directed,1.8340598535,interbank_loan
B032,B165,Directed,1.1023299769,interbank_loan
B032,B166,Directed,0.8815057605,interbank_loan
B032,B174,Directed,2.9213320818,interbank_loan
B032,B178,Directed,20.8029324545,interbank_loan
B032,B185,Directed,0.4397692084,interbank_loan
B032,B197,Directed,0.9509548619,interbank_loan
B032,B199,Directed,0.0408485132,interbank_loan
B034,B002,Directed,0.0199225160,interbank_loan
B034,B004,Directed,0.4171952919,interbank_loan
B034,B003,Directed,0.1546566740,interbank_loan
B034,B113,Directed,0.2488979243,interbank_loan
B034,B126,Directed,0.1836549456,interbank_loan
B036,B017,Directed,0.3538061502,interbank_loan
B036,B007,Directed,0.4478088728,interbank_loan
B036,B006,Directed,0.3371852971,interbank_loan
B036,B084,Directed,0.1800860571,interbank_loan
B036,B111,Directed,0.3052478667,interbank_loan
B037,B006,Directed,0.1794108026,interbank_loan
B037,B031,Directed,0.0229357896,interbank_loan
B037,B012,Directed,0.2263890974,interbank_loan
B037,B001,Directed,0.2008822046,interbank_loan
B037,B004,Directed,0.2519645004,interbank_loan
B037,B041,Directed,0.0229440973,interbank_loan
B037,B057,Directed,0.0031730377,interbank_loan
B037,B074,Directed,0.1168007734,interbank_loan
B037,B079,Directed,0.0651152477,interbank_loan
B037,B132,Directed,0.2085486263,interbank_loan
B038,B006,Directed,0.0172626653,interbank_loan
B038,B012,Directed,0.0217828534,interbank_loan
B038,B003,Directed,0.0089872720,interbank_loan
B038,B004,Directed,0.0242436841,interbank_loan
B038,B040,Directed,0.0096014964,interbank_loan
B039,B014,Directed,0.0898860852,interbank_loan
B039,B015,Directed,0.4062065822,interbank_loan
B039,B004,Directed,0.6553503766,interbank_loan
B039,B003,Directed,0.2429421221,interbank_loan
B040,B002,Directed,0.0461248859,interbank_loan
B040,B012,Directed,0.8678540010,interbank_loan
B040,B046,Directed,0.3429999835,interbank_loan
B040,B059,Directed,0.1191951973,interbank_loan
B040,B068,Directed,0.0369328185,interbank_loan
B040,B129,Directed,0.1048115957,interbank_loan
B041,B006,Directed,0.8093501879,interbank_loan
B041,B013,Directed,1.0277864361,interbank_loan
B041,B054,Directed,0.9606921726,interbank_loan
B041,B063,Directed,0.0518475790,interbank_loan
B041,B134,Directed,0.2238827746,interbank_loan
B042,B023,Directed,2.9320355795,interbank_loan
B042,B003,Directed,0.2367109254,interbank_loan
B042,B028,Directed,0.0448719293,interbank_loan
B042,B091,Directed,0.0884741296,interbank_loan
B042,B107,Directed,0.3096442340,interbank_loan
B042,B154,Directed,0.0457968123,interbank_loan
B043,B006,Directed,0.7250568790,interbank_loan
B043,B012,Directed,0.9149113098,interbank_loan
B043,B032,Directed,1.0728571482,interbank_loan
B043,B023,Directed,4.6756613168,interbank_loan
B043,B024,Directed,1.7170543636,interbank_loan
B043,B150,Directed,0.3002377093,interbank_loan
B044,B003,Directed,0.2677910151,interbank_loan
B044,B012,Directed,0.6490570704,interbank_loan
B044,B111,Directed,0.4656503940,interbank_loan
B044,B169,Directed,0.2843684082,interbank_loan
B045,B023,Directed,12.1196362750,interbank_loan
B045,B025,Directed,1.3863945190,interbank_loan
B045,B007,Directed,2.4959890953,interbank_loan
B045,B006,Directed,1.8793973851,interbank_loan
B045,B112,Directed,0.2284039035,interbank_loan
B046,B014,Directed,0.0427478815,interbank_loan
B046,B024,Directed,0.5255534421,interbank_loan
B046,B064,Directed,0.2897943424,interbank_loan
B046,B088,Directed,0.1739117770,interbank_loan
B046,B104,Directed,0.7211816770,interbank_loan
B046,B127,Directed,0.0071104863,interbank_loan
B046,B148,Directed,0.2305380385,interbank_loan
B047,B001,Directed,0.6357104676,interbank_loan
B047,B117,Directed,0.6714498423,interbank_loan
B047,B196,Directed,0.3061190810,interbank_loan
B048,B003,Directed,0.1403232115,interbank_loan
B048,B006,Directed,0.2695314703,interbank_loan
B048,B046,Directed,0.1344199806,interbank_loan
B048,B012,Directed,0.3401076490,interbank_loan
B048,B068,Directed,0.0144737871,interbank_loan
B049,B042,Directed,1.9884544938,interbank_loan
B049,B031,Directed,0.1544407483,interbank_loan
B049,B032,Directed,1.7875846345,interbank_loan
B049,B008,Directed,0.3379728605,interbank_loan
B049,B040,Directed,0.6719359312,interbank_loan
B049,B003,Directed,0.6289510208,interbank_loan
B049,B115,Directed,0.6143415081,interbank_loan
B049,B176,Directed,0.4386150916,interbank_loan
B050,B032,Directed,0.0425747385,interbank_loan
B050,B001,Directed,0.0322162543,interbank_loan
B050,B049,Directed,0.0391277237,interbank_loan
B050,B002,Directed,0.0019296463,interbank_loan
B050,B008,Directed,0.0080494685,interbank_loan
B051,B006,Directed,0.6452218506,interbank_loan
B051,B021,Directed,0.3900792673,interbank_loan
B051,B023,Directed,4.1608305985,interbank_loan
B051,B048,Directed,0.2082565285,interbank_loan
B051,B007,Directed,0.8569058976,interbank_loan
B051,B045,Directed,0.9695393322,interbank_loan
B052,B030,Directed,0.1624539131,interbank_loan
B052,B038,Directed,0.2388804495,interbank_loan
B052,B006,Directed,0.5278974224,interbank_loan
B052,B179,Directed,0.2322460945,interbank_loan
B053,B044,Directed,0.1775251189,interbank_loan
B053,B006,Directed,0.2675551493,interbank_loan
B053,B034,Directed,0.0370947159,interbank_loan
B054,B029,Directed,0.0803568501,interbank_loan
B054,B002,Directed,0.0082242803,interbank_loan
B054,B056,Directed,0.1654760966,interbank_loan
B054,B066,Directed,0.0446115268,interbank_loan
B054,B067,Directed,0.0509358191,interbank_loan
B054,B070,Directed,0.0649138071,interbank_loan
B054,B139,Directed,0.2045380423,interbank_loan
B055,B006,Directed,1.2022050806,interbank_loan
B055,B015,Directed,1.0465084273,interbank_loan
B055,B133,Directed,0.8023204986,interbank_loan
B055,B160,Directed,1.0149623956,interbank_loan
B055,B166,Directed,0.3570756573,interbank_loan
B055,B178,Directed,8.4267410513,interbank_loan
B056,B049,Directed,1.3420990792,interbank_loan
B056,B042,Directed,1.6244300984,interbank_loan
B056,B154,Directed,0.0994074982,interbank_loan
B056,B190,Directed,0.6858540172,interbank_loan
B056,B199,Directed,0.0135836019,interbank_loan
B057,B008,Directed,0.0759995864,interbank_loan
B057,B054,Directed,0.3224586065,interbank_loan
B057,B039,Directed,0.0603973320,interbank_loan
B058,B012,Directed,0.1819986357,interbank_loan
B058,B003,Directed,0.0750898521,interbank_loan
B058,B036,Directed,0.0781670253,interbank_loan
B059,B006,Directed,0.4646772041,interbank_loan
B059,B037,Directed,0.2910012620,interbank_loan
B059,B026,Directed,0.0605372470,interbank_loan
B060,B026,Directed,0.0461865605,interbank_loan
B060,B013,Directed,0.4502054332,interbank_loan
B061,B006,Directed,0.3649110168,interbank_loan
B061,B041,Directed,0.0466669440,interbank_loan
B061,B032,Directed,0.5399540425,interbank_loan
B061,B018,Directed,0.0609008557,interbank_loan
B061,B056,Directed,0.4924020955,interbank_loan
B061,B049,Directed,0.4962372840,interbank_loan
B062,B003,Directed,0.1448656871,interbank_loan
B062,B076,Directed,0.1605573005,interbank_loan
B062,B090,Directed,0.1381980953,interbank_loan
B063,B032,Directed,0.3787659700,interbank_loan
B063,B020,Directed,0.0296071227,interbank_loan
B063,B023,Directed,1.6507150062,interbank_loan
B063,B012,Directed,0.3230041113,interbank_loan
B063,B015,Directed,0.2228257117,interbank_loan
B063,B045,Directed,0.3846427022,interbank_loan
B063,B115,Directed,0.1301709876,interbank_loan
B064,B019,Directed,1.1231068261,interbank_loan
B064,B017,Directed,0.8020768520,interbank_loan
B064,B023,Directed,4.9293562011,interbank_loan
B064,B031,Directed,0.0977201984,interbank_loan
B064,B003,Directed,0.3979598597,interbank_loan
B064,B111,Directed,0.6919954555,interbank_loan
B064,B125,Directed,0.4029617661,interbank_loan
B064,B158,Directed,0.4723775713,interbank_loan
B065,B102,Directed,0.2143572659,interbank_loan
B066,B023,Directed,0.7175697462,interbank_loan
B066,B050,Directed,0.0311470834,interbank_loan
B066,B014,Directed,0.0214339806,interbank_loan
B066,B030,Directed,0.0342431562,interbank_loan
B066,B003,Directed,0.0579312884,interbank_loan
B066,B013,Directed,0.1413056613,interbank_loan
B066,B008,Directed,0.0311299332,interbank_loan
B066,B068,Directed,0.0059753844,interbank_loan
B066,B074,Directed,0.0724419749,interbank_loan
B066,B100,Directed,0.2968851579,interbank_loan
B066,B187,Directed,0.0757833495,interbank_loan
B067,B006,Directed,0.1570949526,interbank_loan
B067,B023,Directed,1.0130554085,interbank_loan
B067,B068,Directed,0.0084359682,interbank_loan
B067,B101,Directed,0.1212510632,interbank_loan
B067,B132,Directed,0.1826084944,interbank_loan
B068,B031,Directed,0.0222438836,interbank_loan
B068,B006,Directed,0.1739985011,interbank_loan
B068,B023,Directed,1.1220610195,interbank_loan
B068,B056,Directed,0.2347893667,interbank_loan
B068,B074,Directed,0.1132772342,interbank_loan
B069,B019,Directed,0.9140522318,interbank_loan
B069,B021,Directed,0.3761083559,interbank_loan
B069,B013,Directed,0.7900154605,interbank_loan
B069,B023,Directed,4.0118080775,interbank_loan
B070,B032,Directed,1.1682767335,interbank_loan
B070,B020,Directed,0.0913210673,interbank_loan
B070,B001,Directed,0.8840336224,interbank_loan
B070,B028,Directed,0.0779206167,interbank_loan
B070,B002,Directed,0.0529506700,interbank_loan
B070,B158,Directed,0.4879169897,interbank_loan
B070,B188,Directed,0.3141036122,interbank_loan
B071,B006,Directed,0.2038676944,interbank_loan
B071,B023,Directed,1.3146779513,interbank_loan
B071,B029,Directed,0.1335884667,interbank_loan
B071,B064,Directed,0.2662155364,interbank_loan
B071,B021,Directed,0.1232514999,interbank_loan
B071,B129,Directed,0.0310683360,interbank_loan
B071,B134,Directed,0.0563939636,interbank_loan
B072,B026,Directed,0.1071592261,interbank_loan
B073,B023,Directed,0.3261622323,interbank_loan
B073,B026,Directed,0.0065892199,interbank_loan
B073,B003,Directed,0.0263319328,interbank_loan
B073,B165,Directed,0.0187858500,interbank_loan
B073,B193,Directed,0.0240777443,interbank_loan
B074,B056,Directed,0.6794778447,interbank_loan
B074,B040,Directed,0.2800744278,interbank_loan
B074,B082,Directed,0.3931352339,interbank_loan
B074,B128,Directed,0.0016225121,interbank_loan
B074,B155,Directed,0.3388883155,interbank_loan
B074,B199,Directed,0.0069306691,interbank_loan
B075,B003,Directed,0.1029515229,interbank_loan
B075,B104,Directed,0.6426174397,interbank_loan
B076,B067,Directed,0.0393971593,interbank_loan
B076,B007,Directed,0.1259702612,interbank_loan
B076,B037,Directed,0.0594001401,interbank_loan
B076,B088,Directed,0.0743306688,interbank_loan
B077,B073,Directed,1.1920944344,interbank_loan
B077,B006,Directed,0.5165930353,interbank_loan
B077,B040,Directed,0.2873291055,interbank_loan
B078,B023,Directed,6.1237135227,interbank_loan
B078,B049,Directed,1.2913569776,interbank_loan
B078,B013,Directed,1.2058972575,interbank_loan
B078,B025,Directed,0.7005064072,interbank_loan
B078,B008,Directed,0.2656616917,interbank_loan
B078,B024,Directed,2.2488260618,interbank_loan
B079,B008,Directed,0.1274965269,interbank_loan
B079,B023,Directed,2.9388964630,interbank_loan
B080,B021,Directed,0.4761317965,interbank_loan
B080,B006,Directed,0.7875595157,interbank_loan
B080,B077,Directed,0.3861131681,interbank_loan
B080,B043,Directed,0.3245212182,interbank_loan
B080,B024,Directed,1.8650709237,interbank_loan
B080,B159,Directed,0.5012562996,interbank_loan
B080,B171,Directed,0.3917634512,interbank_loan
B082,B006,Directed,0.3816134804,interbank_loan
B082,B015,Directed,0.3321910127,interbank_loan
B082,B048,Directed,0.1231723609,interbank_loan
B082,B012,Directed,0.4815380687,interbank_loan
B082,B046,Directed,0.1903172071,interbank_loan
B082,B025,Directed,0.2815087654,interbank_loan
B083,B007,Directed,0.1782798150,interbank_loan
B083,B012,Directed,0.1693889314,interbank_loan
B083,B023,Directed,0.8656634425,interbank_loan
B083,B087,Directed,0.1209469450,interbank_loan
B084,B039,Directed,0.0904873659,interbank_loan
B084,B067,Directed,0.1690508381,interbank_loan
B085,B006,Directed,0.5520823500,interbank_loan
B085,B023,Directed,3.5602035682,interbank_loan
B085,B001,Directed,0.6181540800,interbank_loan
B085,B066,Directed,0.2008392539,interbank_loan
B085,B003,Directed,0.2874245753,interbank_loan
B086,B008,Directed,0.1255878691,interbank_loan
B086,B006,Directed,0.4489134890,interbank_loan
B086,B017,Directed,0.4710417526,interbank_loan
B088,B006,Directed,0.7777431928,interbank_loan
B088,B058,Directed,0.5303220903,interbank_loan
B088,B040,Directed,0.4325808531,interbank_loan
B088,B096,Directed,0.3894611515,interbank_loan
B089,B023,Directed,3.9851837238,interbank_loan
B089,B049,Directed,0.8403879100,interbank_loan
B089,B004,Directed,0.8678969211,interbank_loan
B089,B006,Directed,0.6179842117,interbank_loan
B089,B003,Directed,0.3217343383,interbank_loan
B089,B111,Directed,0.5594501419,interbank_loan
B090,B007,Directed,0.4507414685,interbank_loan
B090,B025,Directed,0.2503638748,interbank_loan
B090,B083,Directed,0.2979068453,interbank_loan
B090,B125,Directed,0.1789155374,interbank_loan
B090,B182,Directed,0.4004840665,interbank_loan
B090,B185,Directed,0.0502903662,interbank_loan
B091,B070,Directed,0.2642178257,interbank_loan
B091,B032,Directed,0.7385794264,interbank_loan
B091,B003,Directed,0.2598647780,interbank_loan
B091,B012,Directed,0.6298458947,interbank_loan
B091,B043,Directed,0.2056776485,interbank_loan
B091,B092,Directed,0.2834146479,interbank_loan
B092,B012,Directed,0.0852613949,interbank_loan
B092,B055,Directed,0.0962428061,interbank_loan
B092,B014,Directed,0.0130153303,interbank_loan
B092,B068,Directed,0.0036284255,interbank_loan
B092,B004,Directed,0.0948934601,interbank_loan
B092,B070,Directed,0.0357668131,interbank_loan
B092,B135,Directed,0.0865976509,interbank_loan
B093,B031,Directed,0.0970489690,interbank_loan
B095,B057,Directed,0.0037482354,interbank_loan
B095,B006,Directed,0.2119337936,interbank_loan
B095,B008,Directed,0.0592905185,interbank_loan
B095,B024,Directed,0.5018942038,interbank_loan
B095,B124,Directed,0.0774390980,interbank_loan
B096,B034,Directed,0.0216719553,interbank_loan
B096,B015,Directed,0.1360703592,interbank_loan
B096,B168,Directed,0.2721819675,interbank_loan
B097,B199,Directed,0.0090726377,interbank_loan
B098,B049,Directed,0.7807528971,interbank_loan
B098,B056,Directed,0.7747188190,interbank_loan
B098,B003,Directed,0.2989036536,interbank_loan
B098,B166,Directed,0.1705268908,interbank_loan
B099,B006,Directed,0.5992425347,interbank_loan
B099,B004,Directed,0.8415761131,interbank_loan
B099,B063,Directed,0.0383879254,interbank_loan
B099,B088,Directed,0.4695985081,interbank_loan
B099,B041,Directed,0.0766346220,interbank_loan
B100,B032,Directed,4.2278159017,interbank_loan
B100,B014,Directed,0.5503714874,interbank_loan
B100,B016,Directed,1.5513334351,interbank_loan
B100,B012,Directed,3.6053975973,interbank_loan
B100,B006,Directed,2.8572368725,interbank_loan
B100,B023,Directed,18.4254122740,interbank_loan
B100,B097,Directed,1.2229230126,interbank_loan
B100,B003,Directed,1.4875318773,interbank_loan
B100,B101,Directed,2.2053096110,interbank_loan
B100,B117,Directed,3.3790400288,interbank_loan
B100,B125,Directed,1.5062284745,interbank_loan
B100,B126,Directed,1.7664455010,interbank_loan
B100,B137,Directed,8.1667617656,interbank_loan
B100,B155,Directed,1.9229166414,interbank_loan
B100,B167,Directed,1.3140638033,interbank_loan
B100,B170,Directed,5.7796431663,interbank_loan
B100,B178,Directed,20.0275274453,interbank_loan
B100,B197,Directed,0.9155091302,interbank_loan
B101,B006,Directed,1.7730052029,interbank_loan
B101,B023,Directed,11.4335469145,interbank_loan
B101,B021,Directed,1.0718988668,interbank_loan
B101,B010,Directed,0.0015260312,interbank_loan
B101,B003,Directed,0.9230602416,interbank_loan
B101,B116,Directed,3.6287780988,interbank_loan
B103,B004,Directed,1.1153144607,interbank_loan
B104,B063,Directed,0.2286947324,interbank_loan
B104,B006,Directed,3.5699665873,interbank_loan
B104,B020,Directed,0.4129136352,interbank_loan
B104,B021,Directed,2.1582808292,interbank_loan
B104,B101,Directed,2.7554179011,interbank_loan
B104,B160,Directed,3.0139465373,interbank_loan
B104,B194,Directed,2.8711337248,interbank_loan
B105,B017,Directed,0.0789566606,interbank_loan
B106,B006,Directed,0.5454958560,interbank_loan
B106,B012,Directed,0.6883326571,interbank_loan
B106,B075,Directed,0.2512589896,interbank_loan
B106,B086,Directed,0.2235416230,interbank_loan
B106,B132,Directed,0.6340889721,interbank_loan
B107,B003,Directed,0.2646235171,interbank_loan
B107,B010,Directed,0.0004374836,interbank_loan
B108,B051,Directed,0.4621125897,interbank_loan
B109,B023,Directed,3.4911035021,interbank_loan
B110,B104,Directed,7.3276804772,interbank_loan
B110,B023,Directed,14.5411155044,interbank_loan
B110,B021,Directed,1.3632344668,interbank_loan
B110,B032,Directed,3.3365418610,interbank_loan
B110,B118,Directed,0.8286582591,interbank_loan
B110,B124,Directed,0.8239233863,interbank_loan
B111,B003,Directed,0.1243358623,interbank_loan
B112,B111,Directed,0.0878353995,interbank_loan
B112,B006,Directed,0.0970254292,interbank_loan
B113,B031,Directed,0.0108571280,interbank_loan
B113,B054,Directed,0.1008086110,interbank_loan
B114,B005,Directed,0.0000433438,interbank_loan
B114,B024,Directed,0.0440498025,interbank_loan
B114,B006,Directed,0.0186008160,interbank_loan
B114,B040,Directed,0.0103457760,interbank_loan
B114,B064,Directed,0.0242894110,interbank_loan
B114,B096,Directed,0.0093145081,interbank_loan
B114,B063,Directed,0.0011915822,interbank_loan
B114,B152,Directed,0.0505371324,interbank_loan
B115,B057,Directed,0.0002403135,interbank_loan
B115,B025,Directed,0.0100235064,interbank_loan
B115,B104,Directed,0.0441561524,interbank_loan
B116,B066,Directed,0.0422451904,interbank_loan
B116,B006,Directed,0.1161268206,interbank_loan
B116,B003,Directed,0.0604578322,interbank_loan
B116,B023,Directed,0.7488649490,interbank_loan
B116,B031,Directed,0.0148455961,interbank_loan
B116,B030,Directed,0.0357365951,interbank_loan
B117,B023,Directed,9.6739653973,interbank_loan
B117,B097,Directed,0.6420759943,interbank_loan
B117,B068,Directed,0.0805575523,interbank_loan
B117,B049,Directed,2.0400272923,interbank_loan
B118,B023,Directed,8.7818501417,interbank_loan
B118,B008,Directed,0.3809781689,interbank_loan
B118,B120,Directed,0.2561501579,interbank_loan
B120,B023,Directed,3.7682687051,interbank_loan
B120,B146,Directed,0.2347510958,interbank_loan
B120,B199,Directed,0.0080427335,interbank_loan
B121,B101,Directed,0.8174324590,interbank_loan
B121,B002,Directed,0.0710271042,interbank_loan
B121,B074,Directed,0.6894863685,interbank_loan
B121,B004,Directed,1.4873710445,interbank_loan
B122,B101,Directed,0.1621590877,interbank_loan
B122,B104,Directed,0.6827437541,interbank_loan
B122,B068,Directed,0.0112821188,interbank_loan
B122,B005,Directed,0.0004895684,interbank_loan
B122,B125,Directed,0.1107548047,interbank_loan
B122,B129,Directed,0.0320175097,interbank_loan
B123,B163,Directed,0.0367170117,interbank_loan
B124,B104,Directed,1.4404099870,interbank_loan
B124,B024,Directed,1.0496833888,interbank_loan
B124,B014,Directed,0.0853799777,interbank_loan
B124,B010,Directed,0.0003815046,interbank_loan
B124,B183,Directed,0.3842044486,interbank_loan
B125,B006,Directed,0.5812034596,interbank_loan
B125,B043,Directed,0.2394902873,interbank_loan
B125,B032,Directed,0.8599991315,interbank_loan
B125,B082,Directed,0.4537616368,interbank_loan
B125,B014,Directed,0.1119535505,interbank_loan
B126,B067,Directed,0.3306115214,interbank_loan
B126,B024,Directed,1.8849898168,interbank_loan
B126,B012,Directed,1.0043936516,interbank_loan
B127,B032,Directed,1.0981841608,interbank_loan
B127,B196,Directed,0.4001559408,interbank_loan
B128,B099,Directed,0.0459849423,interbank_loan
B128,B006,Directed,0.1112115555,interbank_loan
B129,B032,Directed,0.4478414277,interbank_loan
B129,B012,Directed,0.3819102924,interbank_loan
B129,B100,Directed,0.8075134755,interbank_loan
B129,B014,Directed,0.0582994053,interbank_loan
B130,B047,Directed,0.0055711270,interbank_loan
B130,B063,Directed,0.0207304391,interbank_loan
B130,B012,Directed,0.4083413959,interbank_loan
B130,B100,Directed,0.8633995637,interbank_loan
B131,B006,Directed,0.5397647273,interbank_loan
B131,B086,Directed,0.2211930335,interbank_loan
B131,B056,Directed,0.7283454610,interbank_loan
B131,B023,Directed,3.4807711350,interbank_loan
B132,B044,Directed,1.5894364407,interbank_loan
B132,B083,Directed,2.1026824994,interbank_loan
B132,B100,Directed,6.3913411893,interbank_loan
B132,B023,Directed,15.4478354782,interbank_loan
B132,B190,Directed,1.6647391452,interbank_loan
B133,B012,Directed,0.9078760510,interbank_loan
B134,B032,Directed,0.3192895605,interbank_loan
B134,B037,Directed,0.1351320614,interbank_loan
B134,B146,Directed,0.0866865322,interbank_loan
B135,B025,Directed,0.2062617686,interbank_loan
B136,B063,Directed,0.0349255623,interbank_loan
B136,B134,Directed,0.1508118981,interbank_loan
B136,B003,Directed,0.2838385846,interbank_loan
B136,B029,Directed,0.3572497645,interbank_loan
B136,B006,Directed,0.5451944137,interbank_loan
B137,B038,Directed,0.1495237909,interbank_loan
B137,B024,Directed,0.7825123516,interbank_loan
B137,B153,Directed,0.1898606569,interbank_loan
B137,B171,Directed,0.1643689447,interbank_loan
B137,B190,Directed,0.2296300696,interbank_loan
B137,B200,Directed,0.1055570568,interbank_loan
B138,B160,Directed,0.7793710336,interbank_loan
B139,B023,Directed,1.2545806438,interbank_loan
B139,B089,Directed,0.0600297686,interbank_loan
B139,B070,Directed,0.1029822426,interbank_loan
B140,B021,Directed,0.3883086479,interbank_loan
B141,B064,Directed,1.0139201010,interbank_loan
B141,B021,Directed,0.4694210372,interbank_loan
B141,B083,Directed,0.6815469516,interbank_loan
B141,B096,Directed,0.3888182774,interbank_loan
B142,B006,Directed,0.1629375639,interbank_loan
B142,B014,Directed,0.0313856335,interbank_loan
B142,B024,Directed,0.3858630449,interbank_loan
B142,B116,Directed,0.3334814034,interbank_loan
B142,B003,Directed,0.0848283958,interbank_loan
B142,B176,Directed,0.0591572529,interbank_loan
B143,B013,Directed,4.2954997729,interbank_loan
B143,B188,Directed,1.3456878007,interbank_loan
B144,B006,Directed,0.6986106727,interbank_loan
B145,B003,Directed,0.2973169410,interbank_loan
B146,B137,Directed,1.7960562213,interbank_loan
B146,B050,Directed,0.1758897451,interbank_loan
B147,B023,Directed,1.6543515612,interbank_loan
B148,B100,Directed,0.4383429857,interbank_loan
B148,B003,Directed,0.0855339960,interbank_loan
B148,B168,Directed,0.2860742155,interbank_loan
B150,B030,Directed,0.1396347743,interbank_loan
B150,B006,Directed,0.4537461488,interbank_loan
B150,B024,Directed,1.0745457734,interbank_loan
B150,B104,Directed,1.4745269669,interbank_loan
B151,B001,Directed,1.1420579726,interbank_loan
B151,B141,Directed,0.0123261187,interbank_loan
B151,B006,Directed,1.0199884945,interbank_loan
B151,B089,Directed,0.3147272358,interbank_loan
B152,B132,Directed,2.6766901757,interbank_loan
B152,B104,Directed,7.4830582878,interbank_loan
B152,B006,Directed,2.3027106019,interbank_loan
B152,B072,Directed,1.2133765402,interbank_loan
B153,B006,Directed,0.5653440429,interbank_loan
B154,B006,Directed,0.9725857711,interbank_loan
B154,B012,Directed,1.2272550575,interbank_loan
B154,B101,Directed,0.7506737608,interbank_loan
B155,B142,Directed,0.0171448680,interbank_loan
B155,B063,Directed,0.0028078889,interbank_loan
B155,B003,Directed,0.0228195959,interbank_loan
B155,B080,Directed,0.0416396255,interbank_loan
B156,B013,Directed,0.2025292655,interbank_loan
B156,B063,Directed,0.0102167646,interbank_loan
B156,B008,Directed,0.0446176214,interbank_loan
B157,B082,Directed,0.1466259282,interbank_loan
B158,B006,Directed,0.6694302172,interbank_loan
B158,B122,Directed,0.5496095384,interbank_loan
B158,B023,Directed,4.3169426587,interbank_loan
B158,B168,Directed,1.1656423047,interbank_loan
B159,B032,Directed,1.2122861063,interbank_loan
B159,B023,Directed,5.2833121927,interbank_loan
B159,B006,Directed,0.8192855705,interbank_loan
B159,B066,Directed,0.2980437659,interbank_loan
B159,B012,Directed,1.0338135615,interbank_loan
B160,B098,Directed,0.1983349310,interbank_loan
B161,B006,Directed,0.3384459232,interbank_loan
B162,B034,Directed,0.2766738571,interbank_loan
B162,B080,Directed,1.8957815346,interbank_loan
B162,B071,Directed,1.0171384776,interbank_loan
B162,B186,Directed,0.8446400458,interbank_loan
B162,B194,Directed,1.6049394701,interbank_loan
B164,B142,Directed,0.2374443237,interbank_loan
B164,B023,Directed,3.9145922353,interbank_loan
B165,B013,Directed,0.0703996200,interbank_loan
B165,B137,Directed,0.1584555831,interbank_loan
B165,B139,Directed,0.0924646328,interbank_loan
B165,B042,Directed,0.0912478773,interbank_loan
B165,B065,Directed,0.0260386085,interbank_loan
B166,B012,Directed,0.6025669094,interbank_loan
B166,B023,Directed,3.0794228456,interbank_loan
B166,B143,Directed,0.2893272252,interbank_loan
B167,B165,Directed,0.0383032978,interbank_loan
B167,B004,Directed,0.1448300854,interbank_loan
B167,B032,Directed,0.1525941347,interbank_loan
B168,B005,Directed,0.0039673213,interbank_loan
B168,B004,Directed,2.3910722315,interbank_loan
B168,B126,Directed,1.0525819660,interbank_loan
B169,B162,Directed,1.0985198013,interbank_loan
B169,B192,Directed,0.1846147675,interbank_loan
B170,B001,Directed,4.6038306772,interbank_loan
B170,B023,Directed,26.5153542391,interbank_loan
B170,B137,Directed,11.7524958454,interbank_loan
B170,B121,Directed,0.6030116036,interbank_loan
B170,B190,Directed,2.8574325649,interbank_loan
B170,B196,Directed,2.2169218340,interbank_loan
B171,B141,Directed,0.0076820515,interbank_loan
B172,B004,Directed,1.3208744008,interbank_loan
B173,B006,Directed,0.7027020465,interbank_loan
B174,B099,Directed,0.1455160004,interbank_loan
B174,B183,Directed,0.3050429915,interbank_loan
B175,B001,Directed,0.5796848234,interbank_loan
B175,B100,Directed,1.3813202803,interbank_loan
B175,B082,Directed,0.4042021678,interbank_loan
B175,B054,Directed,0.6145352988,interbank_loan
B175,B115,Directed,0.2632765157,interbank_loan
B176,B006,Directed,0.2734916910,interbank_loan
B176,B152,Directed,0.7430580346,interbank_loan
B176,B127,Directed,0.0087627117,interbank_loan
B177,B162,Directed,1.4966727282,interbank_loan
B178,B006,Directed,10.4757055345,interbank_loan
B178,B013,Directed,13.3030030985,interbank_loan
B178,B181,Directed,14.6261470548,interbank_loan
B178,B186,Directed,4.4338966075,interbank_loan
B178,B187,Directed,7.1345063175,interbank_loan
B178,B194,Directed,8.4250512478,interbank_loan
B178,B196,Directed,5.6481626861,interbank_loan
B178,B199,Directed,0.1441836669,interbank_loan
B179,B026,Directed,0.1816520739,interbank_loan
B179,B012,Directed,1.7594461524,interbank_loan
B179,B006,Directed,1.3943412026,interbank_loan
B180,B006,Directed,1.3358440280,interbank_loan
B181,B032,Directed,0.0499560838,interbank_loan
B181,B023,Directed,0.2177155916,interbank_loan
B181,B099,Directed,0.0139599639,interbank_loan
B181,B021,Directed,0.0204109099,interbank_loan
B182,B079,Directed,0.1985893940,interbank_loan
B182,B003,Directed,0.2848668925,interbank_loan
B182,B032,Directed,0.8096396429,interbank_loan
B182,B006,Directed,0.5471695776,interbank_loan
B182,B167,Directed,0.2516472271,interbank_loan
B182,B168,Directed,0.9527565250,interbank_loan
B182,B031,Directed,0.0699498921,interbank_loan
B183,B104,Directed,0.9255992144,interbank_loan
B183,B032,Directed,0.4214567672,interbank_loan
B183,B126,Directed,0.1760910190,interbank_loan
B183,B006,Directed,0.2848283472,interbank_loan
B183,B003,Directed,0.1482870567,interbank_loan
B183,B015,Directed,0.2479404475,interbank_loan
B184,B058,Directed,0.3158091202,interbank_loan
B184,B104,Directed,1.5050846833,interbank_loan
B184,B032,Directed,0.6853161878,interbank_loan
B184,B101,Directed,0.3574740270,interbank_loan
B184,B003,Directed,0.2411244243,interbank_loan
B185,B056,Directed,1.8448760893,interbank_loan
B185,B012,Directed,1.7252069690,interbank_loan
B185,B008,Directed,0.3824893272,interbank_loan
B185,B067,Directed,0.5678782415,interbank_loan
B186,B023,Directed,0.7131713209,interbank_loan
B187,B032,Directed,0.9010651326,interbank_loan
B187,B008,Directed,0.1703614780,interbank_loan
B188,B051,Directed,0.4572635528,interbank_loan
B188,B122,Directed,0.5464536020,interbank_loan
B188,B162,Directed,1.8799263934,interbank_loan
B188,B113,Directed,0.5576696219,interbank_loan
B190,B006,Directed,0.1704288186,interbank_loan
B190,B031,Directed,0.0217875371,interbank_loan
B191,B012,Directed,2.0312487631,interbank_loan
B192,B032,Directed,0.2998993052,interbank_loan
B192,B014,Directed,0.0390404953,interbank_loan
B194,B003,Directed,0.9088742826,interbank_loan
B194,B185,Directed,0.2586813555,interbank_loan
B194,B023,Directed,11.2578315916,interbank_loan
B194,B100,Directed,4.6577815290,interbank_loan
B195,B178,Directed,0.4040204298,interbank_loan
B196,B032,Directed,0.6421117637,interbank_loan
B197,B070,Directed,0.2379960238,interbank_loan
B197,B024,Directed,1.0647482609,interbank_loan
B198,B101,Directed,1.9985640240,interbank_loan
B198,B139,Directed,4.3188337409,interbank_loan
B199,B008,Directed,0.0014528252,interbank_loan
B200,B031,Directed,0.0797119846,interbank_loan
B200,B152,Directed,1.6940924761,interbank_loan
B200,B027,Directed,0.5296917866,interbank_loan
B200,B053,Directed,0.3323410391,interbank_loan
B200,B003,Directed,0.3246224498,interbank_loan
